id,name,id,name,eserviceName,producerName,subscribersCount
0,Totale,12,Pubbliche Amministrazioni Centrali,C020-servizioAccertamentoResidenza,Ministero dell'Interno,6.0
0,Totale,12,Pubbliche Amministrazioni Centrali,C030-servizioAccertamentoIdUnicoNazionale-approvazione_autom,Ministero dell'Interno,7.0
0,Totale,12,Pubbliche Amministrazioni Centrali,RGS - SIBI - Interrogazione disposizioni e flussi inviati,Ministero dell'Economia e delle Finanze,5.0
0,Totale,12,Pubbliche Amministrazioni Centrali,evidence-broker_SDG,Agenzia per L'Italia Digitale,5.0
0,Totale,12,Pubbliche Amministrazioni Centrali,arch-common-service_SDG,Agenzia per L'Italia Digitale,6.0
0,Totale,12,Pubbliche Amministrazioni Centrali,Servizi consultazione Registro Imprese,"Unione Italiana delle Camere di Commercio Industria, Artigianato e Agricoltura",5.0
0,Totale,12,Pubbliche Amministrazioni Centrali,RGS - SIBI - Rendicontazioni,Ministero dell'Economia e delle Finanze,6.0
0,Totale,12,Pubbliche Amministrazioni Centrali,RGS - SIBI - Invio disposizioni - ricezione,Ministero dell'Economia e delle Finanze,5.0
0,Totale,12,Pubbliche Amministrazioni Centrali,ANIS - Consultazione Titoli [IFS03],MINISTERO DELL'UNIVERSITA' E DELLA RICERCA,5.0
0,Totale,12,Pubbliche Amministrazioni Centrali,INAD CONSULTAZIONE DD,Agenzia per L'Italia Digitale,10.0
0,Totale,1,Altre Pubbliche Amministrazioni locali,SEND - Servizio Notifiche Digitali,PagoPa S.p.A.,19.0
0,Totale,1,Altre Pubbliche Amministrazioni locali,C030-servizioAccertamentoIdUnicoNazionale-approvazione_autom,Ministero dell'Interno,8.0
0,Totale,1,Altre Pubbliche Amministrazioni locali,PCP - Servizi comuni,Autorita' Nazionale Anticorruzione - A.N.AC.,6.0
0,Totale,1,Altre Pubbliche Amministrazioni locali,PCP – Comunica appalto,Autorita' Nazionale Anticorruzione - A.N.AC.,6.0
0,Totale,1,Altre Pubbliche Amministrazioni locali,C021-servizioAccertamentoStatoFamiglia-approvazione_automati,Ministero dell'Interno,8.0
0,Totale,1,Altre Pubbliche Amministrazioni locali,PCP - Comunica post pubblicazione,Autorita' Nazionale Anticorruzione - A.N.AC.,6.0
0,Totale,1,Altre Pubbliche Amministrazioni locali,Servizi consultazione Registro Imprese,"Unione Italiana delle Camere di Commercio Industria, Artigianato e Agricoltura",11.0
0,Totale,1,Altre Pubbliche Amministrazioni locali,AUSA - Anagrafe Unica delle Stazioni Appaltanti,Autorita' Nazionale Anticorruzione - A.N.AC.,5.0
0,Totale,1,Altre Pubbliche Amministrazioni locali,PCP - FVC,Autorita' Nazionale Anticorruzione - A.N.AC.,5.0
0,Totale,1,Altre Pubbliche Amministrazioni locali,INAD CONSULTAZIONE DD,Agenzia per L'Italia Digitale,44.0
0,Totale,3,Comuni,C018-servizioAccertamentoCittadinanza-approvazione_automatic,Ministero dell'Interno,475.0
0,Totale,3,Comuni,ANNCSU - Aggiornamento coordinate,Agenzia delle Entrate,2344.0
0,Totale,3,Comuni,SEND - Servizio Notifiche Digitali,PagoPa S.p.A.,6530.0
0,Totale,3,Comuni,ANNCSU - Consultazione per i COMUNI,Agenzia delle Entrate,551.0
0,Totale,3,Comuni,C030-servizioAccertamentoIdUnicoNazionale-approvazione_autom,Ministero dell'Interno,795.0
0,Totale,3,Comuni,C021-servizioAccertamentoStatoFamiglia-approvazione_automati,Ministero dell'Interno,804.0
0,Totale,3,Comuni,ANNCSU - Aggiornamento accessi,Agenzia delle Entrate,636.0
0,Totale,3,Comuni,C020-servizioAccertamentoResidenza-approvazione_automatica,Ministero dell'Interno,1192.0
0,Totale,3,Comuni,ANNCSU - Aggiornamento odonimi,Agenzia delle Entrate,441.0
0,Totale,3,Comuni,INAD CONSULTAZIONE DD,Agenzia per L'Italia Digitale,786.0
0,Totale,9,Stazioni Appaltanti e Gestori di pubblici servizi,SEND - Servizio Notifiche Digitali,PagoPa S.p.A.,30.0
0,Totale,9,Stazioni Appaltanti e Gestori di pubblici servizi,PCP - Pubblica avviso,Autorita' Nazionale Anticorruzione - A.N.AC.,13.0
0,Totale,9,Stazioni Appaltanti e Gestori di pubblici servizi,C030-servizioAccertamentoIdUnicoNazionale-approvazione_autom,Ministero dell'Interno,14.0
0,Totale,9,Stazioni Appaltanti e Gestori di pubblici servizi,PCP - Servizi comuni,Autorita' Nazionale Anticorruzione - A.N.AC.,14.0
0,Totale,9,Stazioni Appaltanti e Gestori di pubblici servizi,PCP – Comunica appalto,Autorita' Nazionale Anticorruzione - A.N.AC.,13.0
0,Totale,9,Stazioni Appaltanti e Gestori di pubblici servizi,PCP - Gestione utenti,Autorita' Nazionale Anticorruzione - A.N.AC.,11.0
0,Totale,9,Stazioni Appaltanti e Gestori di pubblici servizi,PCP - Comunica post pubblicazione,Autorita' Nazionale Anticorruzione - A.N.AC.,14.0
0,Totale,9,Stazioni Appaltanti e Gestori di pubblici servizi,C007–ServizioVerificaDichEsistenzaVita-approvazione_automati,Ministero dell'Interno,9.0
0,Totale,9,Stazioni Appaltanti e Gestori di pubblici servizi,AUSA - Anagrafe Unica delle Stazioni Appaltanti,Autorita' Nazionale Anticorruzione - A.N.AC.,12.0
0,Totale,9,Stazioni Appaltanti e Gestori di pubblici servizi,INAD CONSULTAZIONE DD,Agenzia per L'Italia Digitale,27.0
0,Totale,2,Aziende sanitarie locali e Strutture di ricovero,C019-servizioAccertamentoEsistenzaVita,Ministero dell'Interno,1.0
0,Totale,2,Aziende sanitarie locali e Strutture di ricovero,C016-servizioAccertamentoDichDecesso,Ministero dell'Interno,1.0
0,Totale,2,Aziende sanitarie locali e Strutture di ricovero,SEND - Servizio Notifiche Digitali,PagoPa S.p.A.,3.0
0,Totale,2,Aziende sanitarie locali e Strutture di ricovero,C020-servizioAccertamentoResidenza,Ministero dell'Interno,2.0
0,Totale,2,Aziende sanitarie locali e Strutture di ricovero,C030-servizioAccertamentoIdUnicoNazionale-approvazione_autom,Ministero dell'Interno,2.0
0,Totale,2,Aziende sanitarie locali e Strutture di ricovero,PCP - Servizi comuni,Autorita' Nazionale Anticorruzione - A.N.AC.,1.0
0,Totale,2,Aziende sanitarie locali e Strutture di ricovero,C021-servizioAccertamentoStatoFamiglia,Ministero dell'Interno,1.0
0,Totale,2,Aziende sanitarie locali e Strutture di ricovero,Servizi consultazione Registro Imprese,"Unione Italiana delle Camere di Commercio Industria, Artigianato e Agricoltura",1.0
0,Totale,2,Aziende sanitarie locali e Strutture di ricovero,PCP - FVC,Autorita' Nazionale Anticorruzione - A.N.AC.,1.0
0,Totale,2,Aziende sanitarie locali e Strutture di ricovero,INAD CONSULTAZIONE DD,Agenzia per L'Italia Digitale,7.0
0,Totale,4,Enti Nazionali di Previdenza ed Assistenza Sociale,Lettura dati dal PNS,Ispettorato Nazionale del Lavoro,2.0
0,Totale,4,Enti Nazionali di Previdenza ed Assistenza Sociale,WaaS Welfare as a Service trasmissione dati al SIUSS,Comune di Porto Viro,1.0
0,Totale,4,Enti Nazionali di Previdenza ed Assistenza Sociale,Servizio di collegamento imprese/PDND - Callback documenti,"Unione Italiana delle Camere di Commercio Industria, Artigianato e Agricoltura",2.0
0,Totale,4,Enti Nazionali di Previdenza ed Assistenza Sociale,WAAS-SIUSS-Alimentazione,Comune di Ranica,1.0
0,Totale,4,Enti Nazionali di Previdenza ed Assistenza Sociale,ANIS - Consultazione Iscrizioni [IFS02],MINISTERO DELL'UNIVERSITA' E DELLA RICERCA,1.0
0,Totale,4,Enti Nazionali di Previdenza ed Assistenza Sociale,WAAS SIUSS Alimentazione,Comune di Teglio Veneto,1.0
0,Totale,4,Enti Nazionali di Previdenza ed Assistenza Sociale,Invio dati al PNS,Ispettorato Nazionale del Lavoro,2.0
0,Totale,4,Enti Nazionali di Previdenza ed Assistenza Sociale,Welfare as a Service per i Comuni - (WaaS per i Comuni),Comune di Fano,1.0
0,Totale,4,Enti Nazionali di Previdenza ed Assistenza Sociale,WAAS-SIUSS-Alimentazione,Comune di Pavia,1.0
0,Totale,4,Enti Nazionali di Previdenza ed Assistenza Sociale,WAAS SIUSS Alimentazione,Comune di Marostica,1.0
0,Totale,10,Università e AFAM,C004-servizioVerificaDichDecesso-approvazione_automatica,Ministero dell'Interno,3.0
0,Totale,10,Università e AFAM,C030-servizioAccertamentoIdUnicoNazionale-approvazione_autom,Ministero dell'Interno,20.0
0,Totale,10,Università e AFAM,Consultazione Attestazione ISEE,Istituto Nazionale Previdenza Sociale - INPS,17.0
0,Totale,10,Università e AFAM,ANIST - Accertamento Titoli,Ministero dell'istruzione e del merito,3.0
0,Totale,10,Università e AFAM,Consultazione Indicatore ISEE,Istituto Nazionale Previdenza Sociale - INPS,5.0
0,Totale,10,Università e AFAM,ANIS - Consultazione Iscrizioni [IFS02],MINISTERO DELL'UNIVERSITA' E DELLA RICERCA,2.0
0,Totale,10,Università e AFAM,VCF1 - Verifica Booleana Codice Fiscale ,Agenzia delle Entrate,8.0
0,Totale,10,Università e AFAM,C007–ServizioVerificaDichEsistenzaVita-approvazione_automati,Ministero dell'Interno,3.0
0,Totale,10,Università e AFAM,ANIS - Consultazione Titoli [IFS03],MINISTERO DELL'UNIVERSITA' E DELLA RICERCA,3.0
0,Totale,10,Università e AFAM,C006-servizioVerificaDichCittadinanza-approvazione_automatic,Ministero dell'Interno,3.0
0,Totale,6,Altre Pubbliche Amministrazioni Centrali,GESTIONE ANAGRAFICHE MEDICI,Federazione Nazionale degli Ordini dei Medici Chirurghi e degli Odontoiatri,4.0
0,Totale,6,Altre Pubbliche Amministrazioni Centrali,SEND - Servizio Notifiche Digitali,PagoPa S.p.A.,5.0
0,Totale,6,Altre Pubbliche Amministrazioni Centrali,C030-servizioAccertamentoIdUnicoNazionale-approvazione_autom,Ministero dell'Interno,9.0
0,Totale,6,Altre Pubbliche Amministrazioni Centrali,Qualità dell'aria,Istituto Superiore per la Protezione e la Ricerca Ambientale,1.0
0,Totale,6,Altre Pubbliche Amministrazioni Centrali,C008-servizioVerificaDichResidenza-approvazione_automatica,Ministero dell'Interno,2.0
0,Totale,6,Altre Pubbliche Amministrazioni Centrali,ElabMassivaAccertIdUnicoNazionale,Ministero dell'Interno,3.0
0,Totale,6,Altre Pubbliche Amministrazioni Centrali,GESTIONE ANAGRAFICHE ODONTOIATRI,Federazione Nazionale degli Ordini dei Medici Chirurghi e degli Odontoiatri,4.0
0,Totale,6,Altre Pubbliche Amministrazioni Centrali,C003-servizioVerificaDichGeneralita-approvazione_automatica,Ministero dell'Interno,3.0
0,Totale,6,Altre Pubbliche Amministrazioni Centrali,Consultazione Atti di Dissesto - ISPRARVE,Regione del Veneto,1.0
0,Totale,6,Altre Pubbliche Amministrazioni Centrali,INAD CONSULTAZIONE DD,Agenzia per L'Italia Digitale,2.0
0,Totale,7,Regioni e Province Autonome,PCP - Pubblica avviso,Autorita' Nazionale Anticorruzione - A.N.AC.,8.0
0,Totale,7,Regioni e Province Autonome,C030-servizioAccertamentoIdUnicoNazionale-approvazione_autom,Ministero dell'Interno,7.0
0,Totale,7,Regioni e Province Autonome,PCP - Servizi comuni,Autorita' Nazionale Anticorruzione - A.N.AC.,9.0
0,Totale,7,Regioni e Province Autonome,PCP – Comunica appalto,Autorita' Nazionale Anticorruzione - A.N.AC.,9.0
0,Totale,7,Regioni e Province Autonome,ACCREDITAMENTO SUAP ED ENTI-TERZI - SUITE DI BLACK-BOX-TEST,"Unione Italiana delle Camere di Commercio Industria, Artigianato e Agricoltura",12.0
0,Totale,7,Regioni e Province Autonome,PCP - Gestione utenti,Autorita' Nazionale Anticorruzione - A.N.AC.,7.0
0,Totale,7,Regioni e Province Autonome,PCP - Comunica post pubblicazione,Autorita' Nazionale Anticorruzione - A.N.AC.,9.0
0,Totale,7,Regioni e Province Autonome,AUSA - Anagrafe Unica delle Stazioni Appaltanti,Autorita' Nazionale Anticorruzione - A.N.AC.,8.0
0,Totale,7,Regioni e Province Autonome,PCP - FVC,Autorita' Nazionale Anticorruzione - A.N.AC.,7.0
0,Totale,7,Regioni e Province Autonome,INAD CONSULTAZIONE DD,Agenzia per L'Italia Digitale,6.0
0,Totale,5,Province e Città Metropolitane,SEND - Servizio Notifiche Digitali,PagoPa S.p.A.,13.0
0,Totale,5,Province e Città Metropolitane,PCP - Pubblica avviso,Autorita' Nazionale Anticorruzione - A.N.AC.,3.0
0,Totale,5,Province e Città Metropolitane,C020-servizioAccertamentoResidenza,Ministero dell'Interno,6.0
0,Totale,5,Province e Città Metropolitane,C030-servizioAccertamentoIdUnicoNazionale-approvazione_autom,Ministero dell'Interno,8.0
0,Totale,5,Province e Città Metropolitane,PCP - Servizi comuni,Autorita' Nazionale Anticorruzione - A.N.AC.,3.0
0,Totale,5,Province e Città Metropolitane,ACCREDITAMENTO SUAP ED ENTI-TERZI - SUITE DI BLACK-BOX-TEST,"Unione Italiana delle Camere di Commercio Industria, Artigianato e Agricoltura",8.0
0,Totale,5,Province e Città Metropolitane,PCP - Comunica post pubblicazione,Autorita' Nazionale Anticorruzione - A.N.AC.,3.0
0,Totale,5,Province e Città Metropolitane,C007–ServizioVerificaDichEsistenzaVita-approvazione_automati,Ministero dell'Interno,5.0
0,Totale,5,Province e Città Metropolitane,AUSA - Anagrafe Unica delle Stazioni Appaltanti,Autorita' Nazionale Anticorruzione - A.N.AC.,3.0
0,Totale,5,Province e Città Metropolitane,INAD CONSULTAZIONE DD,Agenzia per L'Italia Digitale,31.0
0,Totale,11,Enti privati,PCP - FVPQOE,Autorita' Nazionale Anticorruzione - A.N.AC.,6.0
0,Totale,11,Enti privati,PCP - Pubblica avviso,Autorita' Nazionale Anticorruzione - A.N.AC.,17.0
0,Totale,11,Enti privati,PCP - Servizi comuni,Autorita' Nazionale Anticorruzione - A.N.AC.,18.0
0,Totale,11,Enti privati,PCP – Comunica appalto,Autorita' Nazionale Anticorruzione - A.N.AC.,18.0
0,Totale,11,Enti privati,C019-servizioAccertamentoEsistenzaVita-approvazione_automati,Ministero dell'Interno,76.0
0,Totale,11,Enti privati,PCP - Gestione utenti,Autorita' Nazionale Anticorruzione - A.N.AC.,14.0
0,Totale,11,Enti privati,PCP - Comunica post pubblicazione,Autorita' Nazionale Anticorruzione - A.N.AC.,17.0
0,Totale,11,Enti privati,PCP - Pianificazione appalto,Autorita' Nazionale Anticorruzione - A.N.AC.,12.0
0,Totale,11,Enti privati,AUSA - Anagrafe Unica delle Stazioni Appaltanti,Autorita' Nazionale Anticorruzione - A.N.AC.,12.0
0,Totale,11,Enti privati,PCP - FVC,Autorita' Nazionale Anticorruzione - A.N.AC.,14.0
0,Totale,8,Scuole,ANIST - Accertamento Frequenze,Ministero dell'istruzione e del merito,1.0
0,Totale,8,Scuole,ANIST - Accertamento Titoli,Ministero dell'istruzione e del merito,1.0
0,Totale,8,Scuole,C008-servizioVerificaDichResidenza-approvazione_automatica,Ministero dell'Interno,1.0
0,Totale,8,Scuole,ANIS - Consultazione Titoli [IFS03],MINISTERO DELL'UNIVERSITA' E DELLA RICERCA,2.0
0,Totale,8,Scuole,INAD CONSULTAZIONE DD,Agenzia per L'Italia Digitale,1.0
0,Totale,0,Totale,C018-servizioAccertamentoCittadinanza-approvazione_automatic,Ministero dell'Interno,478.0
0,Totale,0,Totale,ANNCSU - Aggiornamento coordinate,Agenzia delle Entrate,2344.0
0,Totale,0,Totale,SEND - Servizio Notifiche Digitali,PagoPa S.p.A.,6608.0
0,Totale,0,Totale,ANNCSU - Consultazione per i COMUNI,Agenzia delle Entrate,551.0
0,Totale,0,Totale,C030-servizioAccertamentoIdUnicoNazionale-approvazione_autom,Ministero dell'Interno,870.0
0,Totale,0,Totale,C021-servizioAccertamentoStatoFamiglia-approvazione_automati,Ministero dell'Interno,815.0
0,Totale,0,Totale,ANNCSU - Aggiornamento accessi,Agenzia delle Entrate,636.0
0,Totale,0,Totale,C020-servizioAccertamentoResidenza-approvazione_automatica,Ministero dell'Interno,1203.0
0,Totale,0,Totale,ANNCSU - Aggiornamento odonimi,Agenzia delle Entrate,441.0
0,Totale,0,Totale,INAD CONSULTAZIONE DD,Agenzia per L'Italia Digitale,917.0
1,Altre Pubbliche Amministrazioni locali,12,Pubbliche Amministrazioni Centrali,SMP-IPA-REST,Intercent-er Agenzia Regionale per Lo Sviluppo Dei Mercati Telematici,1.0
1,Altre Pubbliche Amministrazioni locali,12,Pubbliche Amministrazioni Centrali,Servizio di collegamento imprese/PDND - Callback documenti,"Unione Italiana delle Camere di Commercio Industria, Artigianato e Agricoltura",2.0
1,Altre Pubbliche Amministrazioni locali,12,Pubbliche Amministrazioni Centrali,ACCREDITAMENTO SUAP ED ENTI-TERZI - SUITE DI BLACK-BOX-TEST,"Unione Italiana delle Camere di Commercio Industria, Artigianato e Agricoltura",1.0
1,Altre Pubbliche Amministrazioni locali,12,Pubbliche Amministrazioni Centrali,Ricezione CO,Agenzia Regionale per Le Politiche Attive del Lavoro - Arpal Umbria,1.0
1,Altre Pubbliche Amministrazioni locali,12,Pubbliche Amministrazioni Centrali,Identity Matching - Attestazione rappresentanza legale,"Unione Italiana delle Camere di Commercio Industria, Artigianato e Agricoltura",1.0
1,Altre Pubbliche Amministrazioni locali,12,Pubbliche Amministrazioni Centrali,Servizi consultazione Registro Imprese,"Unione Italiana delle Camere di Commercio Industria, Artigianato e Agricoltura",5.0
1,Altre Pubbliche Amministrazioni locali,1,Altre Pubbliche Amministrazioni locali,ACCREDITAMENTO SUAP ED ENTI-TERZI - SUITE DI BLACK-BOX-TEST,"Unione Italiana delle Camere di Commercio Industria, Artigianato e Agricoltura",4.0
1,Altre Pubbliche Amministrazioni locali,1,Altre Pubbliche Amministrazioni locali,SGDBI,Itaca- Istituto per L'Innovazione e Trasparenza Degli Appalti e La Compatibilita Ambientale,1.0
1,Altre Pubbliche Amministrazioni locali,1,Altre Pubbliche Amministrazioni locali,Servizi consultazione Registro Imprese,"Unione Italiana delle Camere di Commercio Industria, Artigianato e Agricoltura",11.0
1,Altre Pubbliche Amministrazioni locali,1,Altre Pubbliche Amministrazioni locali,Servizio di collegamento imprese/PDND - Richiesta documenti,"Unione Italiana delle Camere di Commercio Industria, Artigianato e Agricoltura",1.0
1,Altre Pubbliche Amministrazioni locali,3,Comuni,I1G - SSU BO to ET,"Unione Italiana delle Camere di Commercio Industria, Artigianato e Agricoltura",1.0
1,Altre Pubbliche Amministrazioni locali,3,Comuni,ACCREDITAMENTO SUAP ED ENTI-TERZI - SUITE DI BLACK-BOX-TEST,"Unione Italiana delle Camere di Commercio Industria, Artigianato e Agricoltura",35.0
1,Altre Pubbliche Amministrazioni locali,3,Comuni,CATALOGO - METADATI,"Unione Italiana delle Camere di Commercio Industria, Artigianato e Agricoltura",1.0
1,Altre Pubbliche Amministrazioni locali,3,Comuni,Servizi consultazione Registro Imprese,"Unione Italiana delle Camere di Commercio Industria, Artigianato e Agricoltura",279.0
1,Altre Pubbliche Amministrazioni locali,3,Comuni,CATALOGO - GESTIONE ISTANZA - ENTI TERZI,"Unione Italiana delle Camere di Commercio Industria, Artigianato e Agricoltura",1.0
1,Altre Pubbliche Amministrazioni locali,3,Comuni,Amministrazione Trasparente - Atti di concessione,Comunita' di Montagna della Carnia,1.0
1,Altre Pubbliche Amministrazioni locali,9,Stazioni Appaltanti e Gestori di pubblici servizi,ACCREDITAMENTO SUAP ED ENTI-TERZI - SUITE DI BLACK-BOX-TEST,"Unione Italiana delle Camere di Commercio Industria, Artigianato e Agricoltura",1.0
1,Altre Pubbliche Amministrazioni locali,9,Stazioni Appaltanti e Gestori di pubblici servizi,Servizi consultazione Registro Imprese,"Unione Italiana delle Camere di Commercio Industria, Artigianato e Agricoltura",3.0
1,Altre Pubbliche Amministrazioni locali,2,Aziende sanitarie locali e Strutture di ricovero,Servizi consultazione Registro Imprese,"Unione Italiana delle Camere di Commercio Industria, Artigianato e Agricoltura",1.0
1,Altre Pubbliche Amministrazioni locali,4,Enti Nazionali di Previdenza ed Assistenza Sociale,Servizio di collegamento imprese/PDND - Callback documenti,"Unione Italiana delle Camere di Commercio Industria, Artigianato e Agricoltura",2.0
1,Altre Pubbliche Amministrazioni locali,4,Enti Nazionali di Previdenza ed Assistenza Sociale,Welfare as a Service per i Comuni - (WaaS per i Comuni),Consorzio Intercomunale Dei Servizi Ed Interventi Sociali Valle del Tevere,1.0
1,Altre Pubbliche Amministrazioni locali,4,Enti Nazionali di Previdenza ed Assistenza Sociale,Welfare as a Service per i Comuni - (WaaS per i Comuni),Azienda Speciale per I Servizi Sociali del Comune di Montesilvano,1.0
1,Altre Pubbliche Amministrazioni locali,4,Enti Nazionali di Previdenza ed Assistenza Sociale,Servizi consultazione Registro Imprese,"Unione Italiana delle Camere di Commercio Industria, Artigianato e Agricoltura",1.0
1,Altre Pubbliche Amministrazioni locali,10,Università e AFAM,,,
1,Altre Pubbliche Amministrazioni locali,6,Altre Pubbliche Amministrazioni Centrali,Servizi consultazione Registro Imprese,"Unione Italiana delle Camere di Commercio Industria, Artigianato e Agricoltura",1.0
1,Altre Pubbliche Amministrazioni locali,7,Regioni e Province Autonome,ACCREDITAMENTO SUAP ED ENTI-TERZI - SUITE DI BLACK-BOX-TEST,"Unione Italiana delle Camere di Commercio Industria, Artigianato e Agricoltura",12.0
1,Altre Pubbliche Amministrazioni locali,7,Regioni e Province Autonome,Servizi consultazione Registro Imprese,"Unione Italiana delle Camere di Commercio Industria, Artigianato e Agricoltura",5.0
1,Altre Pubbliche Amministrazioni locali,5,Province e Città Metropolitane,ACCREDITAMENTO SUAP ED ENTI-TERZI - SUITE DI BLACK-BOX-TEST,"Unione Italiana delle Camere di Commercio Industria, Artigianato e Agricoltura",8.0
1,Altre Pubbliche Amministrazioni locali,5,Province e Città Metropolitane,CATALOGO - METADATI,"Unione Italiana delle Camere di Commercio Industria, Artigianato e Agricoltura",1.0
1,Altre Pubbliche Amministrazioni locali,5,Province e Città Metropolitane,Servizi consultazione Registro Imprese,"Unione Italiana delle Camere di Commercio Industria, Artigianato e Agricoltura",1.0
1,Altre Pubbliche Amministrazioni locali,11,Enti privati,,,
1,Altre Pubbliche Amministrazioni locali,8,Scuole,,,
1,Altre Pubbliche Amministrazioni locali,0,Totale,SMP-IPA-REST,Intercent-er Agenzia Regionale per Lo Sviluppo Dei Mercati Telematici,1.0
1,Altre Pubbliche Amministrazioni locali,0,Totale,Servizio di collegamento imprese/PDND - Callback documenti,"Unione Italiana delle Camere di Commercio Industria, Artigianato e Agricoltura",4.0
1,Altre Pubbliche Amministrazioni locali,0,Totale,ACCREDITAMENTO SUAP ED ENTI-TERZI - SUITE DI BLACK-BOX-TEST,"Unione Italiana delle Camere di Commercio Industria, Artigianato e Agricoltura",61.0
1,Altre Pubbliche Amministrazioni locali,0,Totale,CATALOGO - METADATI,"Unione Italiana delle Camere di Commercio Industria, Artigianato e Agricoltura",2.0
1,Altre Pubbliche Amministrazioni locali,0,Totale,Ricezione CO,Agenzia Regionale per Le Politiche Attive del Lavoro - Arpal Umbria,1.0
1,Altre Pubbliche Amministrazioni locali,0,Totale,Identity Matching - Attestazione rappresentanza legale,"Unione Italiana delle Camere di Commercio Industria, Artigianato e Agricoltura",1.0
1,Altre Pubbliche Amministrazioni locali,0,Totale,SGDBI,Itaca- Istituto per L'Innovazione e Trasparenza Degli Appalti e La Compatibilita Ambientale,1.0
1,Altre Pubbliche Amministrazioni locali,0,Totale,Welfare as a Service per i Comuni - (WaaS per i Comuni),Azienda Speciale per I Servizi Sociali del Comune di Montesilvano,1.0
1,Altre Pubbliche Amministrazioni locali,0,Totale,Servizi consultazione Registro Imprese,"Unione Italiana delle Camere di Commercio Industria, Artigianato e Agricoltura",307.0
1,Altre Pubbliche Amministrazioni locali,0,Totale,Servizio di collegamento imprese/PDND - Richiesta documenti,"Unione Italiana delle Camere di Commercio Industria, Artigianato e Agricoltura",1.0
2,Aziende sanitarie locali e Strutture di ricovero,12,Pubbliche Amministrazioni Centrali,,,
2,Aziende sanitarie locali e Strutture di ricovero,1,Altre Pubbliche Amministrazioni locali,,,
2,Aziende sanitarie locali e Strutture di ricovero,3,Comuni,,,
2,Aziende sanitarie locali e Strutture di ricovero,9,Stazioni Appaltanti e Gestori di pubblici servizi,,,
2,Aziende sanitarie locali e Strutture di ricovero,2,Aziende sanitarie locali e Strutture di ricovero,Tempi attesa pronto soccorso,Azienda Sanitaria Provinciale di Vibo Valentia,1.0
2,Aziende sanitarie locali e Strutture di ricovero,2,Aziende sanitarie locali e Strutture di ricovero,Posti letto per reparto,Azienda Sanitaria Provinciale di Vibo Valentia,1.0
2,Aziende sanitarie locali e Strutture di ricovero,4,Enti Nazionali di Previdenza ed Assistenza Sociale,,,
2,Aziende sanitarie locali e Strutture di ricovero,10,Università e AFAM,,,
2,Aziende sanitarie locali e Strutture di ricovero,6,Altre Pubbliche Amministrazioni Centrali,,,
2,Aziende sanitarie locali e Strutture di ricovero,7,Regioni e Province Autonome,,,
2,Aziende sanitarie locali e Strutture di ricovero,5,Province e Città Metropolitane,,,
2,Aziende sanitarie locali e Strutture di ricovero,11,Enti privati,,,
2,Aziende sanitarie locali e Strutture di ricovero,8,Scuole,,,
2,Aziende sanitarie locali e Strutture di ricovero,0,Totale,Tempi attesa pronto soccorso,Azienda Sanitaria Provinciale di Vibo Valentia,1.0
2,Aziende sanitarie locali e Strutture di ricovero,0,Totale,Posti letto per reparto,Azienda Sanitaria Provinciale di Vibo Valentia,1.0
3,Comuni,12,Pubbliche Amministrazioni Centrali,,,
3,Comuni,1,Altre Pubbliche Amministrazioni locali,,,
3,Comuni,3,Comuni,Dati storici del cittadino,Comune di Pedaso,1.0
3,Comuni,3,Comuni,GESTIONE DEL TERRITORIO,Comune di Moiano,1.0
3,Comuni,3,Comuni,Aree Verdi,Comune di Lurano,2.0
3,Comuni,3,Comuni,Interoperabilità protocollo AOO,Comune di Trecenta,2.0
3,Comuni,3,Comuni,Dati storici del cittadino,Comune di Roccasecca,1.0
3,Comuni,3,Comuni,ALBO PRETORIO,Comune di Coriano,1.0
3,Comuni,3,Comuni,Interoperabilità protocollo AOO,Comune di Montebelluna,2.0
3,Comuni,3,Comuni,Interoperabilità protocollo tra AOO,Comune di Casteltermini,1.0
3,Comuni,3,Comuni,Interoperabilità protocollo tra AOO,Comune di Pontecchio Polesine,1.0
3,Comuni,3,Comuni,"Consultazione Posizioni Debitorie IMU, TARI e TASI",Comune di Grottole,1.0
3,Comuni,9,Stazioni Appaltanti e Gestori di pubblici servizi,Tributi Maggiori,Comune di Acireale,1.0
3,Comuni,9,Stazioni Appaltanti e Gestori di pubblici servizi,"Versamenti F24 IMU, TARI, TASI",Comune di Anzio,1.0
3,Comuni,9,Stazioni Appaltanti e Gestori di pubblici servizi,Dichiarazioni TARI,Comune di Anzio,1.0
3,Comuni,9,Stazioni Appaltanti e Gestori di pubblici servizi,Autorizzazioni Imposta Comunale sulla Pubblicità,Comune di Anzio,1.0
3,Comuni,9,Stazioni Appaltanti e Gestori di pubblici servizi,Concessioni occupazioni suolo pubblico,Comune di Anzio,1.0
3,Comuni,2,Aziende sanitarie locali e Strutture di ricovero,,,
3,Comuni,4,Enti Nazionali di Previdenza ed Assistenza Sociale,WaaS Welfare as a Service trasmissione dati al SIUSS,Comune di Porto Viro,1.0
3,Comuni,4,Enti Nazionali di Previdenza ed Assistenza Sociale,WAAS SIUSS Alimentazione,Comune di Marcon,1.0
3,Comuni,4,Enti Nazionali di Previdenza ed Assistenza Sociale,WAAS-SIUSS-Alimentazione,Comune di Sasso Marconi,1.0
3,Comuni,4,Enti Nazionali di Previdenza ed Assistenza Sociale,WAAS-SIUSS-Alimentazione,Comune di Ranica,1.0
3,Comuni,4,Enti Nazionali di Previdenza ed Assistenza Sociale,WaaS Welfare as a Service trasmissione dati al SIUSS,Comune di Sinalunga,1.0
3,Comuni,4,Enti Nazionali di Previdenza ed Assistenza Sociale,WaaS Welfare as a Service trasmissione dati al SIUSS,Comune di Vaprio d'Adda,1.0
3,Comuni,4,Enti Nazionali di Previdenza ed Assistenza Sociale,WAAS SIUSS Alimentazione,Comune di Teglio Veneto,1.0
3,Comuni,4,Enti Nazionali di Previdenza ed Assistenza Sociale,Welfare as a Service per i Comuni - (WaaS per i Comuni),Comune di Fano,1.0
3,Comuni,4,Enti Nazionali di Previdenza ed Assistenza Sociale,WAAS-SIUSS-Alimentazione,Comune di Pavia,1.0
3,Comuni,4,Enti Nazionali di Previdenza ed Assistenza Sociale,WAAS SIUSS Alimentazione,Comune di Marostica,1.0
3,Comuni,10,Università e AFAM,,,
3,Comuni,6,Altre Pubbliche Amministrazioni Centrali,,,
3,Comuni,7,Regioni e Province Autonome,dati-mercatali-comune-torino,Comune di Torino,1.0
3,Comuni,5,Province e Città Metropolitane,,,
3,Comuni,11,Enti privati,,,
3,Comuni,8,Scuole,,,
3,Comuni,0,Totale,Dati territoriali di base,Comune di San Vincenzo Valle Roveto,1.0
3,Comuni,0,Totale,SIUSS,Comune di Prato,2.0
3,Comuni,0,Totale,Cervia_DataCatalogue,Comune di Cervia,1.0
3,Comuni,0,Totale,WAAS SIUSS Alimentazione,Comune di Recoaro Terme,1.0
3,Comuni,0,Totale,WAAS-SIUSS-Alimentazione,Comune di Erula,2.0
3,Comuni,0,Totale,Aree Verdi,Comune di Lurano,2.0
3,Comuni,0,Totale,Interoperabilità protocollo AOO,Comune di Trecenta,2.0
3,Comuni,0,Totale,WAAS-SIUSS-Alimentazione,Comune di Deliceto,2.0
3,Comuni,0,Totale,Interoperabilità protocollo AOO,Comune di Montebelluna,2.0
3,Comuni,0,Totale,(NEW)Welfare as a Service per i Comuni - (WaaS per i Comuni),Comune di Bitonto,2.0
4,Enti Nazionali di Previdenza ed Assistenza Sociale,12,Pubbliche Amministrazioni Centrali,CP-DettaglioPensioni,Istituto Nazionale Previdenza Sociale - INPS,1.0
4,Enti Nazionali di Previdenza ed Assistenza Sociale,12,Pubbliche Amministrazioni Centrali,pdnd.mlps.tassi,Istituto Nazionale per l'Assicurazione contro gli Infortuni sul Lavoro - INAIL,1.0
4,Enti Nazionali di Previdenza ed Assistenza Sociale,12,Pubbliche Amministrazioni Centrali,Certificazioni di diritto a pensione per MIM,Istituto Nazionale Previdenza Sociale - INPS,1.0
4,Enti Nazionali di Previdenza ed Assistenza Sociale,12,Pubbliche Amministrazioni Centrali,waas-consultazione-pensione-sociale,Istituto Nazionale Previdenza Sociale - INPS,1.0
4,Enti Nazionali di Previdenza ed Assistenza Sociale,12,Pubbliche Amministrazioni Centrali,waas-consultazione-contributi-centri-diurni,Istituto Nazionale Previdenza Sociale - INPS,1.0
4,Enti Nazionali di Previdenza ed Assistenza Sociale,12,Pubbliche Amministrazioni Centrali,Consultazione DURC,Istituto Nazionale Previdenza Sociale - INPS,2.0
4,Enti Nazionali di Previdenza ed Assistenza Sociale,12,Pubbliche Amministrazioni Centrali,waas-consultazione-indennita-frequenza,Istituto Nazionale Previdenza Sociale - INPS,1.0
4,Enti Nazionali di Previdenza ed Assistenza Sociale,12,Pubbliche Amministrazioni Centrali,comobb,Istituto Nazionale per l'Assicurazione contro gli Infortuni sul Lavoro - INAIL,1.0
4,Enti Nazionali di Previdenza ed Assistenza Sociale,12,Pubbliche Amministrazioni Centrali,CP-InfoPensioni,Istituto Nazionale Previdenza Sociale - INPS,1.0
4,Enti Nazionali di Previdenza ed Assistenza Sociale,12,Pubbliche Amministrazioni Centrali,waas-consultazione-buono-vacanze,Istituto Nazionale Previdenza Sociale - INPS,1.0
4,Enti Nazionali di Previdenza ed Assistenza Sociale,1,Altre Pubbliche Amministrazioni locali,Consultazione Attestazione ISEE,Istituto Nazionale Previdenza Sociale - INPS,1.0
4,Enti Nazionali di Previdenza ed Assistenza Sociale,1,Altre Pubbliche Amministrazioni locali,Richiesta Certificato del Debito,Istituto Nazionale per l'Assicurazione contro gli Infortuni sul Lavoro - INAIL,1.0
4,Enti Nazionali di Previdenza ed Assistenza Sociale,1,Altre Pubbliche Amministrazioni locali,Richieste CDC,Istituto Nazionale Previdenza Sociale - INPS,1.0
4,Enti Nazionali di Previdenza ed Assistenza Sociale,1,Altre Pubbliche Amministrazioni locali,Consultazione Attestazione Residenti ISEE,Istituto Nazionale Previdenza Sociale - INPS,1.0
4,Enti Nazionali di Previdenza ed Assistenza Sociale,3,Comuni,waas-consultazione-pensione-sociale,Istituto Nazionale Previdenza Sociale - INPS,2.0
4,Enti Nazionali di Previdenza ed Assistenza Sociale,3,Comuni,Consultazione DURC,Istituto Nazionale Previdenza Sociale - INPS,2.0
4,Enti Nazionali di Previdenza ed Assistenza Sociale,3,Comuni,Consultazione Attestazione ISEE,Istituto Nazionale Previdenza Sociale - INPS,15.0
4,Enti Nazionali di Previdenza ed Assistenza Sociale,3,Comuni,Consultazione Indicatore Nucleo Riscontro ISEE,Istituto Nazionale Previdenza Sociale - INPS,2.0
4,Enti Nazionali di Previdenza ed Assistenza Sociale,3,Comuni,Consultazione Indicatore ISEE,Istituto Nazionale Previdenza Sociale - INPS,6.0
4,Enti Nazionali di Previdenza ed Assistenza Sociale,3,Comuni,waas-consultazione-assegno-mensile,Istituto Nazionale Previdenza Sociale - INPS,2.0
4,Enti Nazionali di Previdenza ed Assistenza Sociale,3,Comuni,waas-consultazione-assegno-sociale,Istituto Nazionale Previdenza Sociale - INPS,2.0
4,Enti Nazionali di Previdenza ed Assistenza Sociale,3,Comuni,Consultazione Attestazione Residenti ISEE,Istituto Nazionale Previdenza Sociale - INPS,119.0
4,Enti Nazionali di Previdenza ed Assistenza Sociale,3,Comuni,waas-consultazione-invalidita-civile,Istituto Nazionale Previdenza Sociale - INPS,2.0
4,Enti Nazionali di Previdenza ed Assistenza Sociale,3,Comuni,Consultazione Indicatore Residenti ISEE,Istituto Nazionale Previdenza Sociale - INPS,27.0
4,Enti Nazionali di Previdenza ed Assistenza Sociale,9,Stazioni Appaltanti e Gestori di pubblici servizi,EDCperITWALLET,Istituto Nazionale Previdenza Sociale - INPS,1.0
4,Enti Nazionali di Previdenza ed Assistenza Sociale,2,Aziende sanitarie locali e Strutture di ricovero,,,
4,Enti Nazionali di Previdenza ed Assistenza Sociale,4,Enti Nazionali di Previdenza ed Assistenza Sociale,,,
4,Enti Nazionali di Previdenza ed Assistenza Sociale,10,Università e AFAM,Consultazione Attestazione ISEE,Istituto Nazionale Previdenza Sociale - INPS,17.0
4,Enti Nazionali di Previdenza ed Assistenza Sociale,10,Università e AFAM,Consultazione Indicatore Nucleo Riscontro ISEE,Istituto Nazionale Previdenza Sociale - INPS,1.0
4,Enti Nazionali di Previdenza ed Assistenza Sociale,10,Università e AFAM,Consultazione Indicatore ISEE,Istituto Nazionale Previdenza Sociale - INPS,5.0
4,Enti Nazionali di Previdenza ed Assistenza Sociale,6,Altre Pubbliche Amministrazioni Centrali,,,
4,Enti Nazionali di Previdenza ed Assistenza Sociale,7,Regioni e Province Autonome,Consultazione DURC,Istituto Nazionale Previdenza Sociale - INPS,2.0
4,Enti Nazionali di Previdenza ed Assistenza Sociale,7,Regioni e Province Autonome,Consultazione Attestazione ISEE,Istituto Nazionale Previdenza Sociale - INPS,3.0
4,Enti Nazionali di Previdenza ed Assistenza Sociale,7,Regioni e Province Autonome,Consultazione Indicatore ISEE,Istituto Nazionale Previdenza Sociale - INPS,3.0
4,Enti Nazionali di Previdenza ed Assistenza Sociale,7,Regioni e Province Autonome,Consultazione Indicatore Riscontro ISEE,Istituto Nazionale Previdenza Sociale - INPS,1.0
4,Enti Nazionali di Previdenza ed Assistenza Sociale,5,Province e Città Metropolitane,,,
4,Enti Nazionali di Previdenza ed Assistenza Sociale,11,Enti privati,,,
4,Enti Nazionali di Previdenza ed Assistenza Sociale,8,Scuole,,,
4,Enti Nazionali di Previdenza ed Assistenza Sociale,0,Totale,waas-consultazione-pensione-sociale,Istituto Nazionale Previdenza Sociale - INPS,3.0
4,Enti Nazionali di Previdenza ed Assistenza Sociale,0,Totale,Consultazione DURC,Istituto Nazionale Previdenza Sociale - INPS,6.0
4,Enti Nazionali di Previdenza ed Assistenza Sociale,0,Totale,Consultazione Attestazione ISEE,Istituto Nazionale Previdenza Sociale - INPS,36.0
4,Enti Nazionali di Previdenza ed Assistenza Sociale,0,Totale,Consultazione Indicatore Nucleo Riscontro ISEE,Istituto Nazionale Previdenza Sociale - INPS,3.0
4,Enti Nazionali di Previdenza ed Assistenza Sociale,0,Totale,Consultazione Indicatore ISEE,Istituto Nazionale Previdenza Sociale - INPS,14.0
4,Enti Nazionali di Previdenza ed Assistenza Sociale,0,Totale,waas-consultazione-assegno-mensile,Istituto Nazionale Previdenza Sociale - INPS,2.0
4,Enti Nazionali di Previdenza ed Assistenza Sociale,0,Totale,waas-consultazione-assegno-sociale,Istituto Nazionale Previdenza Sociale - INPS,2.0
4,Enti Nazionali di Previdenza ed Assistenza Sociale,0,Totale,Consultazione Attestazione Residenti ISEE,Istituto Nazionale Previdenza Sociale - INPS,120.0
4,Enti Nazionali di Previdenza ed Assistenza Sociale,0,Totale,waas-consultazione-pensione-cittadinanza,Istituto Nazionale Previdenza Sociale - INPS,2.0
4,Enti Nazionali di Previdenza ed Assistenza Sociale,0,Totale,Consultazione Indicatore Residenti ISEE,Istituto Nazionale Previdenza Sociale - INPS,27.0
6,Altre Pubbliche Amministrazioni Centrali,12,Pubbliche Amministrazioni Centrali,Abilitazioni Servizi Lavoro MLPS,Ispettorato Nazionale del Lavoro,1.0
6,Altre Pubbliche Amministrazioni Centrali,12,Pubbliche Amministrazioni Centrali,Rendis,Istituto Superiore per la Protezione e la Ricerca Ambientale,1.0
6,Altre Pubbliche Amministrazioni Centrali,12,Pubbliche Amministrazioni Centrali,Ottieni Documenti di Trasporto,Agenzia per le Erogazioni in Agricoltura - AGEA,1.0
6,Altre Pubbliche Amministrazioni Centrali,12,Pubbliche Amministrazioni Centrali,CNF-CheckAvv,Consiglio Nazionale Forense,2.0
6,Altre Pubbliche Amministrazioni Centrali,12,Pubbliche Amministrazioni Centrali,Consultazione visura veicolo per targa - PRA (C001),Automobile Club d'Italia,1.0
6,Altre Pubbliche Amministrazioni Centrali,12,Pubbliche Amministrazioni Centrali,Invio dati al PNS,Ispettorato Nazionale del Lavoro,2.0
6,Altre Pubbliche Amministrazioni Centrali,1,Altre Pubbliche Amministrazioni locali,,,
6,Altre Pubbliche Amministrazioni Centrali,3,Comuni,,,
6,Altre Pubbliche Amministrazioni Centrali,9,Stazioni Appaltanti e Gestori di pubblici servizi,,,
6,Altre Pubbliche Amministrazioni Centrali,2,Aziende sanitarie locali e Strutture di ricovero,,,
6,Altre Pubbliche Amministrazioni Centrali,4,Enti Nazionali di Previdenza ed Assistenza Sociale,Lettura dati dal PNS,Ispettorato Nazionale del Lavoro,2.0
6,Altre Pubbliche Amministrazioni Centrali,4,Enti Nazionali di Previdenza ed Assistenza Sociale,Ottieni Ultima Scheda di Validazione,Agenzia per le Erogazioni in Agricoltura - AGEA,1.0
6,Altre Pubbliche Amministrazioni Centrali,4,Enti Nazionali di Previdenza ed Assistenza Sociale,Invio dati al PNS,Ispettorato Nazionale del Lavoro,2.0
6,Altre Pubbliche Amministrazioni Centrali,10,Università e AFAM,,,
6,Altre Pubbliche Amministrazioni Centrali,6,Altre Pubbliche Amministrazioni Centrali,GESTIONE ANAGRAFICHE MEDICI,Federazione Nazionale degli Ordini dei Medici Chirurghi e degli Odontoiatri,4.0
6,Altre Pubbliche Amministrazioni Centrali,6,Altre Pubbliche Amministrazioni Centrali,Rete Mareografica Nazionale,Istituto Superiore per la Protezione e la Ricerca Ambientale,1.0
6,Altre Pubbliche Amministrazioni Centrali,6,Altre Pubbliche Amministrazioni Centrali,Rete Ondametrica Nazionale,Istituto Superiore per la Protezione e la Ricerca Ambientale,1.0
6,Altre Pubbliche Amministrazioni Centrali,6,Altre Pubbliche Amministrazioni Centrali,IdroGEO,Istituto Superiore per la Protezione e la Ricerca Ambientale,1.0
6,Altre Pubbliche Amministrazioni Centrali,6,Altre Pubbliche Amministrazioni Centrali,Ottieni Dati Terreni Fascicolo Aziendale,Agenzia per le Erogazioni in Agricoltura - AGEA,1.0
6,Altre Pubbliche Amministrazioni Centrali,6,Altre Pubbliche Amministrazioni Centrali,Rendis,Istituto Superiore per la Protezione e la Ricerca Ambientale,1.0
6,Altre Pubbliche Amministrazioni Centrali,6,Altre Pubbliche Amministrazioni Centrali,Qualità dell'aria,Istituto Superiore per la Protezione e la Ricerca Ambientale,1.0
6,Altre Pubbliche Amministrazioni Centrali,6,Altre Pubbliche Amministrazioni Centrali,GESTIONE ANAGRAFICHE ODONTOIATRI,Federazione Nazionale degli Ordini dei Medici Chirurghi e degli Odontoiatri,4.0
6,Altre Pubbliche Amministrazioni Centrali,6,Altre Pubbliche Amministrazioni Centrali,Invio dati al PNS,Ispettorato Nazionale del Lavoro,1.0
6,Altre Pubbliche Amministrazioni Centrali,6,Altre Pubbliche Amministrazioni Centrali,Verifica iscrizione medico (FMED-01),Federazione Nazionale degli Ordini dei Medici Chirurghi e degli Odontoiatri,1.0
6,Altre Pubbliche Amministrazioni Centrali,7,Regioni e Province Autonome,,,
6,Altre Pubbliche Amministrazioni Centrali,5,Province e Città Metropolitane,,,
6,Altre Pubbliche Amministrazioni Centrali,11,Enti privati,,,
6,Altre Pubbliche Amministrazioni Centrali,8,Scuole,,,
6,Altre Pubbliche Amministrazioni Centrali,0,Totale,GESTIONE ANAGRAFICHE MEDICI,Federazione Nazionale degli Ordini dei Medici Chirurghi e degli Odontoiatri,4.0
6,Altre Pubbliche Amministrazioni Centrali,0,Totale,Abilitazioni Servizi Lavoro MLPS,Ispettorato Nazionale del Lavoro,1.0
6,Altre Pubbliche Amministrazioni Centrali,0,Totale,Pollini,Istituto Superiore per la Protezione e la Ricerca Ambientale,1.0
6,Altre Pubbliche Amministrazioni Centrali,0,Totale,Lettura dati dal PNS,Ispettorato Nazionale del Lavoro,2.0
6,Altre Pubbliche Amministrazioni Centrali,0,Totale,Rendis,Istituto Superiore per la Protezione e la Ricerca Ambientale,2.0
6,Altre Pubbliche Amministrazioni Centrali,0,Totale,Qualità dell'aria,Istituto Superiore per la Protezione e la Ricerca Ambientale,1.0
6,Altre Pubbliche Amministrazioni Centrali,0,Totale,CNF-CheckAvv,Consiglio Nazionale Forense,2.0
6,Altre Pubbliche Amministrazioni Centrali,0,Totale,GESTIONE ANAGRAFICHE ODONTOIATRI,Federazione Nazionale degli Ordini dei Medici Chirurghi e degli Odontoiatri,4.0
6,Altre Pubbliche Amministrazioni Centrali,0,Totale,Invio dati al PNS,Ispettorato Nazionale del Lavoro,5.0
6,Altre Pubbliche Amministrazioni Centrali,0,Totale,Pesticidi,Istituto Superiore per la Protezione e la Ricerca Ambientale,1.0
7,Regioni e Province Autonome,12,Pubbliche Amministrazioni Centrali,RC027 - Consultazione rilevazioni idrogeologiche,Regione Campania,1.0
7,Regioni e Province Autonome,12,Pubbliche Amministrazioni Centrali,Drenaggi,Provincia Autonoma di Trento,1.0
7,Regioni e Province Autonome,12,Pubbliche Amministrazioni Centrali,Comunicazioni Obbligatorie UNIPI Regione Piemonte,Regione Piemonte,1.0
7,Regioni e Province Autonome,12,Pubbliche Amministrazioni Centrali,Rafforzamento Arginale,Provincia Autonoma di Trento,1.0
7,Regioni e Province Autonome,12,Pubbliche Amministrazioni Centrali,Opere Consolidamento,Provincia Autonoma di Trento,1.0
7,Regioni e Province Autonome,12,Pubbliche Amministrazioni Centrali,Rilevato Arginale,Provincia Autonoma di Trento,1.0
7,Regioni e Province Autonome,12,Pubbliche Amministrazioni Centrali,Tombinatura,Provincia Autonoma di Trento,1.0
7,Regioni e Province Autonome,12,Pubbliche Amministrazioni Centrali,Opera Spondale,Provincia Autonoma di Trento,1.0
7,Regioni e Province Autonome,12,Pubbliche Amministrazioni Centrali,Comunicazioni Obbligatorie UNILAV Regione Piemonte,Regione Piemonte,1.0
7,Regioni e Province Autonome,12,Pubbliche Amministrazioni Centrali,Specchi d’acqua,Provincia Autonoma di Trento,1.0
7,Regioni e Province Autonome,1,Altre Pubbliche Amministrazioni locali,,,
7,Regioni e Province Autonome,3,Comuni,ICEF indicatore famiglia con nucleo,Provincia Autonoma di Trento,2.0
7,Regioni e Province Autonome,3,Comuni,RL-Sigmater Consultazione UIU,Regione Liguria,1.0
7,Regioni e Province Autonome,9,Stazioni Appaltanti e Gestori di pubblici servizi,,,
7,Regioni e Province Autonome,2,Aziende sanitarie locali e Strutture di ricovero,,,
7,Regioni e Province Autonome,4,Enti Nazionali di Previdenza ed Assistenza Sociale,,,
7,Regioni e Province Autonome,10,Università e AFAM,,,
7,Regioni e Province Autonome,6,Altre Pubbliche Amministrazioni Centrali,Consultazione Atti di Dissesto - ISPRARVE,Regione del Veneto,1.0
7,Regioni e Province Autonome,7,Regioni e Province Autonome,RC026 - Consultazione contaminanti Campania trasparente,Regione Campania,1.0
7,Regioni e Province Autonome,7,Regioni e Province Autonome,Consultazione distribuzione assistiti per medico,Regione Siciliana,1.0
7,Regioni e Province Autonome,7,Regioni e Province Autonome,Registro APE,Regione Piemonte,1.0
7,Regioni e Province Autonome,7,Regioni e Province Autonome,Consultazione situazioni assistenziali degli assistiti,Regione Siciliana,1.0
7,Regioni e Province Autonome,7,Regioni e Province Autonome,RC005 - Consultazione emissioni atmosferiche,Regione Campania,1.0
7,Regioni e Province Autonome,7,Regioni e Province Autonome,Consultazione indice di tempestività dei pagamenti,Regione Siciliana,1.0
7,Regioni e Province Autonome,7,Regioni e Province Autonome,RC008 - Consultazione graduatorie PLS,Regione Campania,1.0
7,Regioni e Province Autonome,7,Regioni e Province Autonome,RC011 - Consultazione elenco centri prescrittori,Regione Campania,1.0
7,Regioni e Province Autonome,7,Regioni e Province Autonome,RC024 - Consultazione rilievi microdiscariche abusive,Regione Campania,1.0
7,Regioni e Province Autonome,7,Regioni e Province Autonome,RC035 - Consultazione atti amministrativi,Regione Campania,1.0
7,Regioni e Province Autonome,5,Province e Città Metropolitane,,,
7,Regioni e Province Autonome,11,Enti privati,,,
7,Regioni e Province Autonome,8,Scuole,,,
7,Regioni e Province Autonome,0,Totale,RC026 - Consultazione contaminanti Campania trasparente,Regione Campania,1.0
7,Regioni e Province Autonome,0,Totale,Registro impianti termici,Regione Piemonte,1.0
7,Regioni e Province Autonome,0,Totale,RC009 - Consultaz. stato istanza autorizzazione macrocateg,Regione Campania,1.0
7,Regioni e Province Autonome,0,Totale,RC021 - Consultazione beni confiscati,Regione Campania,1.0
7,Regioni e Province Autonome,0,Totale,RC027 - Consultazione rilevazioni idrogeologiche,Regione Campania,2.0
7,Regioni e Province Autonome,0,Totale,CO VARDATORI Regione Liguria,Regione Liguria,1.0
7,Regioni e Province Autonome,0,Totale,RC020 - Consultazione ultime ispezioni e verifiche di opere,Regione Campania,1.0
7,Regioni e Province Autonome,0,Totale,Consultazione microzonazione sismica,Regione Siciliana,1.0
7,Regioni e Province Autonome,0,Totale,RC018 - Consultazione stato opere d'arte per classe,Regione Campania,1.0
7,Regioni e Province Autonome,0,Totale,ICEF indicatore famiglia con nucleo,Provincia Autonoma di Trento,2.0
9,Stazioni Appaltanti e Gestori di pubblici servizi,12,Pubbliche Amministrazioni Centrali,SEND - Servizio Notifiche Digitali,PagoPa S.p.A.,1.0
9,Stazioni Appaltanti e Gestori di pubblici servizi,12,Pubbliche Amministrazioni Centrali,Documenti su IO - notifiche Patente,Istituto Poligrafico e Zecca dello Stato S.P.A.,1.0
9,Stazioni Appaltanti e Gestori di pubblici servizi,1,Altre Pubbliche Amministrazioni locali,SEND - Servizio Notifiche Digitali,PagoPa S.p.A.,19.0
9,Stazioni Appaltanti e Gestori di pubblici servizi,3,Comuni,SEND - Servizio Notifiche Digitali,PagoPa S.p.A.,6530.0
9,Stazioni Appaltanti e Gestori di pubblici servizi,9,Stazioni Appaltanti e Gestori di pubblici servizi,SEND - Servizio Notifiche Digitali,PagoPa S.p.A.,30.0
9,Stazioni Appaltanti e Gestori di pubblici servizi,9,Stazioni Appaltanti e Gestori di pubblici servizi,SEND - solo per SCP (Società a controllo pubblico),PagoPa S.p.A.,4.0
9,Stazioni Appaltanti e Gestori di pubblici servizi,9,Stazioni Appaltanti e Gestori di pubblici servizi,Consultazione statistiche infrastrutturali - SINFI,"INFRASTRUTTURE E TELECOMUNICAZIONI PER L'ITALIA S.P.A IN FORMA ABBREVIATA ""INFRATEL ITALIA S.P.A.""",1.0
9,Stazioni Appaltanti e Gestori di pubblici servizi,9,Stazioni Appaltanti e Gestori di pubblici servizi,Pubblicazione mappe infrastrutturali (WMS) - SINFI,"INFRASTRUTTURE E TELECOMUNICAZIONI PER L'ITALIA S.P.A IN FORMA ABBREVIATA ""INFRATEL ITALIA S.P.A.""",1.0
9,Stazioni Appaltanti e Gestori di pubblici servizi,9,Stazioni Appaltanti e Gestori di pubblici servizi,Conferimento dati infrastrutturali - SINFI,"INFRASTRUTTURE E TELECOMUNICAZIONI PER L'ITALIA S.P.A IN FORMA ABBREVIATA ""INFRATEL ITALIA S.P.A.""",1.0
9,Stazioni Appaltanti e Gestori di pubblici servizi,9,Stazioni Appaltanti e Gestori di pubblici servizi,Documenti su IO - Statistiche andamento servizio,Istituto Poligrafico e Zecca dello Stato S.P.A.,1.0
9,Stazioni Appaltanti e Gestori di pubblici servizi,2,Aziende sanitarie locali e Strutture di ricovero,SEND - Servizio Notifiche Digitali,PagoPa S.p.A.,3.0
9,Stazioni Appaltanti e Gestori di pubblici servizi,4,Enti Nazionali di Previdenza ed Assistenza Sociale,,,
9,Stazioni Appaltanti e Gestori di pubblici servizi,10,Università e AFAM,SEND - Servizio Notifiche Digitali,PagoPa S.p.A.,2.0
9,Stazioni Appaltanti e Gestori di pubblici servizi,6,Altre Pubbliche Amministrazioni Centrali,SEND - Servizio Notifiche Digitali,PagoPa S.p.A.,5.0
9,Stazioni Appaltanti e Gestori di pubblici servizi,7,Regioni e Province Autonome,SEND - Servizio Notifiche Digitali,PagoPa S.p.A.,5.0
9,Stazioni Appaltanti e Gestori di pubblici servizi,5,Province e Città Metropolitane,SEND - Servizio Notifiche Digitali,PagoPa S.p.A.,13.0
9,Stazioni Appaltanti e Gestori di pubblici servizi,11,Enti privati,,,
9,Stazioni Appaltanti e Gestori di pubblici servizi,8,Scuole,,,
9,Stazioni Appaltanti e Gestori di pubblici servizi,0,Totale,SEND - Servizio Notifiche Digitali,PagoPa S.p.A.,6608.0
9,Stazioni Appaltanti e Gestori di pubblici servizi,0,Totale,SEND - solo per SCP (Società a controllo pubblico),PagoPa S.p.A.,4.0
9,Stazioni Appaltanti e Gestori di pubblici servizi,0,Totale,Consultazione statistiche infrastrutturali - SINFI,"INFRASTRUTTURE E TELECOMUNICAZIONI PER L'ITALIA S.P.A IN FORMA ABBREVIATA ""INFRATEL ITALIA S.P.A.""",1.0
9,Stazioni Appaltanti e Gestori di pubblici servizi,0,Totale,Pubblicazione mappe infrastrutturali (WMS) - SINFI,"INFRASTRUTTURE E TELECOMUNICAZIONI PER L'ITALIA S.P.A IN FORMA ABBREVIATA ""INFRATEL ITALIA S.P.A.""",1.0
9,Stazioni Appaltanti e Gestori di pubblici servizi,0,Totale,Conferimento dati infrastrutturali - SINFI,"INFRASTRUTTURE E TELECOMUNICAZIONI PER L'ITALIA S.P.A IN FORMA ABBREVIATA ""INFRATEL ITALIA S.P.A.""",1.0
9,Stazioni Appaltanti e Gestori di pubblici servizi,0,Totale,Documenti su IO - Statistiche andamento servizio,Istituto Poligrafico e Zecca dello Stato S.P.A.,1.0
9,Stazioni Appaltanti e Gestori di pubblici servizi,0,Totale,Documenti su IO - notifiche Patente,Istituto Poligrafico e Zecca dello Stato S.P.A.,1.0
10,Università e AFAM,12,Pubbliche Amministrazioni Centrali,Consultazione titoli accademici (IFS03),Conservatorio Statale di Musica di Piacenza,1.0
10,Università e AFAM,12,Pubbliche Amministrazioni Centrali,Consultazione variazioni titoli accademici (IFS07),Accademia di Belle Arti di Roma,1.0
10,Università e AFAM,12,Pubbliche Amministrazioni Centrali,Consultazione variazioni titoli accademici (IFS07),Conservatorio di Musica Giuseppe Tartini di Trieste,1.0
10,Università e AFAM,12,Pubbliche Amministrazioni Centrali,Consultazione iscrizioni accademiche (IFS02),Conservatorio Statale di Musica Antonio Buzzolla di Adria,1.0
10,Università e AFAM,12,Pubbliche Amministrazioni Centrali,Consultazione titoli accademici (IFS03),Conservatorio di Musica G.B.Pergolesi,1.0
10,Università e AFAM,12,Pubbliche Amministrazioni Centrali,Consultazione variazioni titoli accademici (IFS07),Conservatorio Statale di Musica Antonio Buzzolla di Adria,1.0
10,Università e AFAM,12,Pubbliche Amministrazioni Centrali,Consultazione variazioni titoli accademici (IFS07),Conservatorio di Musica 'Tito Schipa' di Lecce,1.0
10,Università e AFAM,12,Pubbliche Amministrazioni Centrali,Consultazione iscrizioni accademiche (IFS02),Conservatorio di Salerno,1.0
10,Università e AFAM,12,Pubbliche Amministrazioni Centrali,Consultazione variazioni iscrizioni accademiche (IFS06),Conservatorio Statale di Musica Antonio Buzzolla di Adria,1.0
10,Università e AFAM,12,Pubbliche Amministrazioni Centrali,Consultazione titoli accademici (IFS03),Conservatorio Statale di Musica Paganini di Genova,1.0
10,Università e AFAM,1,Altre Pubbliche Amministrazioni locali,,,
10,Università e AFAM,3,Comuni,,,
10,Università e AFAM,9,Stazioni Appaltanti e Gestori di pubblici servizi,,,
10,Università e AFAM,2,Aziende sanitarie locali e Strutture di ricovero,,,
10,Università e AFAM,4,Enti Nazionali di Previdenza ed Assistenza Sociale,,,
10,Università e AFAM,10,Università e AFAM,Consultazione titoli accademici (IFS03),Conservatorio di Musica 'Francesco Venezze' di Rovigo,1.0
10,Università e AFAM,10,Università e AFAM,Consultazione titoli accademici (IFS03),Universita' degli Studi di Milano - Bicocca,1.0
10,Università e AFAM,10,Università e AFAM,Consultazione titoli accademici (IFS03),Universita Degli Studi di Milano,2.0
10,Università e AFAM,10,Università e AFAM,Consultazione titoli accademici (IFS03),Universita' degli Studi di Roma La Sapienza,1.0
10,Università e AFAM,10,Università e AFAM,Consultazione offerta formativa (IFS01),Universita Degli Studi di Milano,1.0
10,Università e AFAM,10,Università e AFAM,Consultazione titoli accademici (IFS03),Universita' degli Studi di Bergamo,1.0
10,Università e AFAM,10,Università e AFAM,Consultazione iscrizioni accademiche (IFS02),Universita' degli Studi dell 'Insubria,1.0
10,Università e AFAM,10,Università e AFAM,Consultazione iscrizioni accademiche (IFS02),Universita' degli Studi di Roma La Sapienza,2.0
10,Università e AFAM,10,Università e AFAM,Consultazione variazioni iscrizioni accademiche (IFS06),Universita' degli Studi di Palermo,1.0
10,Università e AFAM,10,Università e AFAM,Consultazione offerta formativa (IFS01),Conservatorio di Musica di Castelfranco Veneto,1.0
10,Università e AFAM,6,Altre Pubbliche Amministrazioni Centrali,,,
10,Università e AFAM,7,Regioni e Province Autonome,,,
10,Università e AFAM,5,Province e Città Metropolitane,,,
10,Università e AFAM,11,Enti privati,,,
10,Università e AFAM,8,Scuole,,,
10,Università e AFAM,0,Totale,Consultazione iscrizioni accademiche (IFS02),Accademia Nazionale di Danza,1.0
10,Università e AFAM,0,Totale,Consultazione iscrizioni accademiche (IFS02),Accademia di Belle Arti Reggio Calabria,1.0
10,Università e AFAM,0,Totale,Consultazione variazioni iscrizioni accademiche (IFS06),Accademia Nazionale di Danza,1.0
10,Università e AFAM,0,Totale,Consultazione titoli accademici (IFS03),Istituto Superiore per Le Industrie Artistiche di Roma,1.0
10,Università e AFAM,0,Totale,Consultazione variazioni iscrizioni accademiche (IFS06),Conservatorio di Musica 'Tito Schipa' di Lecce,1.0
10,Università e AFAM,0,Totale,Consultazione titoli accademici (IFS03),Conservatorio di Musica Gesualdo da Venosa - Potenza,1.0
10,Università e AFAM,0,Totale,Consultazione iscrizioni accademiche (IFS02),Politecnico di Milano,1.0
10,Università e AFAM,0,Totale,Consultazione titoli accademici (IFS03),Universita Degli Studi di Milano,2.0
10,Università e AFAM,0,Totale,Consultazione titoli accademici (IFS03),Universita' degli Studi di Palermo,2.0
10,Università e AFAM,0,Totale,Consultazione iscrizioni accademiche (IFS02),Universita' degli Studi di Roma La Sapienza,2.0
12,Pubbliche Amministrazioni Centrali,12,Pubbliche Amministrazioni Centrali,C020-servizioAccertamentoResidenza,Ministero dell'Interno,6.0
12,Pubbliche Amministrazioni Centrali,12,Pubbliche Amministrazioni Centrali,C030-servizioAccertamentoIdUnicoNazionale-approvazione_autom,Ministero dell'Interno,7.0
12,Pubbliche Amministrazioni Centrali,12,Pubbliche Amministrazioni Centrali,RGS - SIBI - Interrogazione disposizioni e flussi inviati,Ministero dell'Economia e delle Finanze,5.0
12,Pubbliche Amministrazioni Centrali,12,Pubbliche Amministrazioni Centrali,evidence-broker_SDG,Agenzia per L'Italia Digitale,5.0
12,Pubbliche Amministrazioni Centrali,12,Pubbliche Amministrazioni Centrali,arch-common-service_SDG,Agenzia per L'Italia Digitale,6.0
12,Pubbliche Amministrazioni Centrali,12,Pubbliche Amministrazioni Centrali,C021-servizioAccertamentoStatoFamiglia,Ministero dell'Interno,4.0
12,Pubbliche Amministrazioni Centrali,12,Pubbliche Amministrazioni Centrali,RGS - SIBI - Rendicontazioni,Ministero dell'Economia e delle Finanze,6.0
12,Pubbliche Amministrazioni Centrali,12,Pubbliche Amministrazioni Centrali,RGS - SIBI - Invio disposizioni - ricezione,Ministero dell'Economia e delle Finanze,5.0
12,Pubbliche Amministrazioni Centrali,12,Pubbliche Amministrazioni Centrali,ANIS - Consultazione Titoli [IFS03],MINISTERO DELL'UNIVERSITA' E DELLA RICERCA,5.0
12,Pubbliche Amministrazioni Centrali,12,Pubbliche Amministrazioni Centrali,INAD CONSULTAZIONE DD,Agenzia per L'Italia Digitale,10.0
12,Pubbliche Amministrazioni Centrali,1,Altre Pubbliche Amministrazioni locali,C030-servizioAccertamentoIdUnicoNazionale-approvazione_autom,Ministero dell'Interno,8.0
12,Pubbliche Amministrazioni Centrali,1,Altre Pubbliche Amministrazioni locali,PCP - Servizi comuni,Autorita' Nazionale Anticorruzione - A.N.AC.,6.0
12,Pubbliche Amministrazioni Centrali,1,Altre Pubbliche Amministrazioni locali,PCP – Comunica appalto,Autorita' Nazionale Anticorruzione - A.N.AC.,6.0
12,Pubbliche Amministrazioni Centrali,1,Altre Pubbliche Amministrazioni locali,C021-servizioAccertamentoStatoFamiglia-approvazione_automati,Ministero dell'Interno,8.0
12,Pubbliche Amministrazioni Centrali,1,Altre Pubbliche Amministrazioni locali,C020-servizioAccertamentoResidenza-approvazione_automatica,Ministero dell'Interno,5.0
12,Pubbliche Amministrazioni Centrali,1,Altre Pubbliche Amministrazioni locali,PCP - Gestione utenti,Autorita' Nazionale Anticorruzione - A.N.AC.,5.0
12,Pubbliche Amministrazioni Centrali,1,Altre Pubbliche Amministrazioni locali,PCP - Comunica post pubblicazione,Autorita' Nazionale Anticorruzione - A.N.AC.,6.0
12,Pubbliche Amministrazioni Centrali,1,Altre Pubbliche Amministrazioni locali,AUSA - Anagrafe Unica delle Stazioni Appaltanti,Autorita' Nazionale Anticorruzione - A.N.AC.,5.0
12,Pubbliche Amministrazioni Centrali,1,Altre Pubbliche Amministrazioni locali,PCP - FVC,Autorita' Nazionale Anticorruzione - A.N.AC.,5.0
12,Pubbliche Amministrazioni Centrali,1,Altre Pubbliche Amministrazioni locali,INAD CONSULTAZIONE DD,Agenzia per L'Italia Digitale,44.0
12,Pubbliche Amministrazioni Centrali,3,Comuni,C018-servizioAccertamentoCittadinanza-approvazione_automatic,Ministero dell'Interno,475.0
12,Pubbliche Amministrazioni Centrali,3,Comuni,ANNCSU - Aggiornamento coordinate,Agenzia delle Entrate,2344.0
12,Pubbliche Amministrazioni Centrali,3,Comuni,ANNCSU - Consultazione per i COMUNI,Agenzia delle Entrate,551.0
12,Pubbliche Amministrazioni Centrali,3,Comuni,C030-servizioAccertamentoIdUnicoNazionale-approvazione_autom,Ministero dell'Interno,795.0
12,Pubbliche Amministrazioni Centrali,3,Comuni,C015-servizioAccertamentoGeneralita-approvazione_automatica,Ministero dell'Interno,408.0
12,Pubbliche Amministrazioni Centrali,3,Comuni,C021-servizioAccertamentoStatoFamiglia-approvazione_automati,Ministero dell'Interno,804.0
12,Pubbliche Amministrazioni Centrali,3,Comuni,ANNCSU - Aggiornamento accessi,Agenzia delle Entrate,636.0
12,Pubbliche Amministrazioni Centrali,3,Comuni,C020-servizioAccertamentoResidenza-approvazione_automatica,Ministero dell'Interno,1192.0
12,Pubbliche Amministrazioni Centrali,3,Comuni,ANNCSU - Aggiornamento odonimi,Agenzia delle Entrate,441.0
12,Pubbliche Amministrazioni Centrali,3,Comuni,INAD CONSULTAZIONE DD,Agenzia per L'Italia Digitale,786.0
12,Pubbliche Amministrazioni Centrali,9,Stazioni Appaltanti e Gestori di pubblici servizi,PCP - Pubblica avviso,Autorita' Nazionale Anticorruzione - A.N.AC.,13.0
12,Pubbliche Amministrazioni Centrali,9,Stazioni Appaltanti e Gestori di pubblici servizi,C030-servizioAccertamentoIdUnicoNazionale-approvazione_autom,Ministero dell'Interno,14.0
12,Pubbliche Amministrazioni Centrali,9,Stazioni Appaltanti e Gestori di pubblici servizi,PCP - Servizi comuni,Autorita' Nazionale Anticorruzione - A.N.AC.,14.0
12,Pubbliche Amministrazioni Centrali,9,Stazioni Appaltanti e Gestori di pubblici servizi,PCP – Comunica appalto,Autorita' Nazionale Anticorruzione - A.N.AC.,13.0
12,Pubbliche Amministrazioni Centrali,9,Stazioni Appaltanti e Gestori di pubblici servizi,PCP - Gestione utenti,Autorita' Nazionale Anticorruzione - A.N.AC.,11.0
12,Pubbliche Amministrazioni Centrali,9,Stazioni Appaltanti e Gestori di pubblici servizi,PCP - Comunica post pubblicazione,Autorita' Nazionale Anticorruzione - A.N.AC.,14.0
12,Pubbliche Amministrazioni Centrali,9,Stazioni Appaltanti e Gestori di pubblici servizi,C007–ServizioVerificaDichEsistenzaVita-approvazione_automati,Ministero dell'Interno,9.0
12,Pubbliche Amministrazioni Centrali,9,Stazioni Appaltanti e Gestori di pubblici servizi,AUSA - Anagrafe Unica delle Stazioni Appaltanti,Autorita' Nazionale Anticorruzione - A.N.AC.,12.0
12,Pubbliche Amministrazioni Centrali,9,Stazioni Appaltanti e Gestori di pubblici servizi,PCP - FVC,Autorita' Nazionale Anticorruzione - A.N.AC.,9.0
12,Pubbliche Amministrazioni Centrali,9,Stazioni Appaltanti e Gestori di pubblici servizi,INAD CONSULTAZIONE DD,Agenzia per L'Italia Digitale,27.0
12,Pubbliche Amministrazioni Centrali,2,Aziende sanitarie locali e Strutture di ricovero,C019-servizioAccertamentoEsistenzaVita,Ministero dell'Interno,1.0
12,Pubbliche Amministrazioni Centrali,2,Aziende sanitarie locali e Strutture di ricovero,C016-servizioAccertamentoDichDecesso,Ministero dell'Interno,1.0
12,Pubbliche Amministrazioni Centrali,2,Aziende sanitarie locali e Strutture di ricovero,C020-servizioAccertamentoResidenza,Ministero dell'Interno,2.0
12,Pubbliche Amministrazioni Centrali,2,Aziende sanitarie locali e Strutture di ricovero,C030-servizioAccertamentoIdUnicoNazionale-approvazione_autom,Ministero dell'Interno,2.0
12,Pubbliche Amministrazioni Centrali,2,Aziende sanitarie locali e Strutture di ricovero,PCP - Servizi comuni,Autorita' Nazionale Anticorruzione - A.N.AC.,1.0
12,Pubbliche Amministrazioni Centrali,2,Aziende sanitarie locali e Strutture di ricovero,PCP – Comunica appalto,Autorita' Nazionale Anticorruzione - A.N.AC.,1.0
12,Pubbliche Amministrazioni Centrali,2,Aziende sanitarie locali e Strutture di ricovero,C021-servizioAccertamentoStatoFamiglia,Ministero dell'Interno,1.0
12,Pubbliche Amministrazioni Centrali,2,Aziende sanitarie locali e Strutture di ricovero,AUSA - Anagrafe Unica delle Stazioni Appaltanti,Autorita' Nazionale Anticorruzione - A.N.AC.,1.0
12,Pubbliche Amministrazioni Centrali,2,Aziende sanitarie locali e Strutture di ricovero,PCP - FVC,Autorita' Nazionale Anticorruzione - A.N.AC.,1.0
12,Pubbliche Amministrazioni Centrali,2,Aziende sanitarie locali e Strutture di ricovero,INAD CONSULTAZIONE DD,Agenzia per L'Italia Digitale,7.0
12,Pubbliche Amministrazioni Centrali,4,Enti Nazionali di Previdenza ed Assistenza Sociale,C019-servizioAccertamentoEsistenzaVita,Ministero dell'Interno,1.0
12,Pubbliche Amministrazioni Centrali,4,Enti Nazionali di Previdenza ed Assistenza Sociale,C016-servizioAccertamentoDichDecesso,Ministero dell'Interno,1.0
12,Pubbliche Amministrazioni Centrali,4,Enti Nazionali di Previdenza ed Assistenza Sociale,Consultazione comunicazioni - Unipiattaforme,Ministero del Lavoro e delle Politiche Sociali,1.0
12,Pubbliche Amministrazioni Centrali,4,Enti Nazionali di Previdenza ed Assistenza Sociale,Consultazione decreti CIGS – Omnia,Ministero del Lavoro e delle Politiche Sociali,1.0
12,Pubbliche Amministrazioni Centrali,4,Enti Nazionali di Previdenza ed Assistenza Sociale,evidence-broker_SDG,Agenzia per L'Italia Digitale,1.0
12,Pubbliche Amministrazioni Centrali,4,Enti Nazionali di Previdenza ed Assistenza Sociale,ANIS - Consultazione Iscrizioni [IFS02],MINISTERO DELL'UNIVERSITA' E DELLA RICERCA,1.0
12,Pubbliche Amministrazioni Centrali,4,Enti Nazionali di Previdenza ed Assistenza Sociale,C021-servizioAccertamentoStatoFamiglia,Ministero dell'Interno,1.0
12,Pubbliche Amministrazioni Centrali,4,Enti Nazionali di Previdenza ed Assistenza Sociale,ElabMassivaVerificaDichEsistenzaInVita,Ministero dell'Interno,1.0
12,Pubbliche Amministrazioni Centrali,4,Enti Nazionali di Previdenza ed Assistenza Sociale,Consultazione comunicazioni - Lavoratore autonomo,Ministero del Lavoro e delle Politiche Sociali,1.0
12,Pubbliche Amministrazioni Centrali,4,Enti Nazionali di Previdenza ed Assistenza Sociale,INAD CONSULTAZIONE DD,Agenzia per L'Italia Digitale,1.0
12,Pubbliche Amministrazioni Centrali,10,Università e AFAM,C004-servizioVerificaDichDecesso-approvazione_automatica,Ministero dell'Interno,3.0
12,Pubbliche Amministrazioni Centrali,10,Università e AFAM,C030-servizioAccertamentoIdUnicoNazionale-approvazione_autom,Ministero dell'Interno,20.0
12,Pubbliche Amministrazioni Centrali,10,Università e AFAM,ANIST - Accertamento Titoli,Ministero dell'istruzione e del merito,3.0
12,Pubbliche Amministrazioni Centrali,10,Università e AFAM,C008-servizioVerificaDichResidenza-approvazione_automatica,Ministero dell'Interno,2.0
12,Pubbliche Amministrazioni Centrali,10,Università e AFAM,ANIS - Consultazione Iscrizioni [IFS02],MINISTERO DELL'UNIVERSITA' E DELLA RICERCA,2.0
12,Pubbliche Amministrazioni Centrali,10,Università e AFAM,VCF1 - Verifica Booleana Codice Fiscale ,Agenzia delle Entrate,8.0
12,Pubbliche Amministrazioni Centrali,10,Università e AFAM,C007–ServizioVerificaDichEsistenzaVita-approvazione_automati,Ministero dell'Interno,3.0
12,Pubbliche Amministrazioni Centrali,10,Università e AFAM,ANIS - Consultazione Titoli [IFS03],MINISTERO DELL'UNIVERSITA' E DELLA RICERCA,3.0
12,Pubbliche Amministrazioni Centrali,10,Università e AFAM,INAD CONSULTAZIONE DD,Agenzia per L'Italia Digitale,2.0
12,Pubbliche Amministrazioni Centrali,10,Università e AFAM,C006-servizioVerificaDichCittadinanza-approvazione_automatic,Ministero dell'Interno,3.0
12,Pubbliche Amministrazioni Centrali,6,Altre Pubbliche Amministrazioni Centrali,ITS - Movimentazioni,Ministero dell'istruzione e del merito,1.0
12,Pubbliche Amministrazioni Centrali,6,Altre Pubbliche Amministrazioni Centrali,C020-servizioAccertamentoResidenza,Ministero dell'Interno,1.0
12,Pubbliche Amministrazioni Centrali,6,Altre Pubbliche Amministrazioni Centrali,C030-servizioAccertamentoIdUnicoNazionale-approvazione_autom,Ministero dell'Interno,9.0
12,Pubbliche Amministrazioni Centrali,6,Altre Pubbliche Amministrazioni Centrali,C008-servizioVerificaDichResidenza-approvazione_automatica,Ministero dell'Interno,2.0
12,Pubbliche Amministrazioni Centrali,6,Altre Pubbliche Amministrazioni Centrali,ElabMassivaAccertIdUnicoNazionale,Ministero dell'Interno,3.0
12,Pubbliche Amministrazioni Centrali,6,Altre Pubbliche Amministrazioni Centrali,C003-servizioVerificaDichGeneralita-approvazione_automatica,Ministero dell'Interno,3.0
12,Pubbliche Amministrazioni Centrali,6,Altre Pubbliche Amministrazioni Centrali,C007–ServizioVerificaDichEsistenzaVita-approvazione_automati,Ministero dell'Interno,1.0
12,Pubbliche Amministrazioni Centrali,6,Altre Pubbliche Amministrazioni Centrali,AUSA - Anagrafe Unica delle Stazioni Appaltanti,Autorita' Nazionale Anticorruzione - A.N.AC.,1.0
12,Pubbliche Amministrazioni Centrali,6,Altre Pubbliche Amministrazioni Centrali,ANPR-Certificazione,Ministero dell'Interno,1.0
12,Pubbliche Amministrazioni Centrali,6,Altre Pubbliche Amministrazioni Centrali,INAD CONSULTAZIONE DD,Agenzia per L'Italia Digitale,2.0
12,Pubbliche Amministrazioni Centrali,7,Regioni e Province Autonome,PCP - Pubblica avviso,Autorita' Nazionale Anticorruzione - A.N.AC.,8.0
12,Pubbliche Amministrazioni Centrali,7,Regioni e Province Autonome,C030-servizioAccertamentoIdUnicoNazionale-approvazione_autom,Ministero dell'Interno,7.0
12,Pubbliche Amministrazioni Centrali,7,Regioni e Province Autonome,PCP - Servizi comuni,Autorita' Nazionale Anticorruzione - A.N.AC.,9.0
12,Pubbliche Amministrazioni Centrali,7,Regioni e Province Autonome,PCP – Comunica appalto,Autorita' Nazionale Anticorruzione - A.N.AC.,9.0
12,Pubbliche Amministrazioni Centrali,7,Regioni e Province Autonome,PCP - Gestione utenti,Autorita' Nazionale Anticorruzione - A.N.AC.,7.0
12,Pubbliche Amministrazioni Centrali,7,Regioni e Province Autonome,PCP - Comunica post pubblicazione,Autorita' Nazionale Anticorruzione - A.N.AC.,9.0
12,Pubbliche Amministrazioni Centrali,7,Regioni e Province Autonome,Invio Comunicazioni Obbligatorie - UniUrg,Ministero del Lavoro e delle Politiche Sociali,5.0
12,Pubbliche Amministrazioni Centrali,7,Regioni e Province Autonome,AUSA - Anagrafe Unica delle Stazioni Appaltanti,Autorita' Nazionale Anticorruzione - A.N.AC.,8.0
12,Pubbliche Amministrazioni Centrali,7,Regioni e Province Autonome,PCP - FVC,Autorita' Nazionale Anticorruzione - A.N.AC.,7.0
12,Pubbliche Amministrazioni Centrali,7,Regioni e Province Autonome,INAD CONSULTAZIONE DD,Agenzia per L'Italia Digitale,6.0
12,Pubbliche Amministrazioni Centrali,5,Province e Città Metropolitane,PCP - Pubblica avviso,Autorita' Nazionale Anticorruzione - A.N.AC.,3.0
12,Pubbliche Amministrazioni Centrali,5,Province e Città Metropolitane,C020-servizioAccertamentoResidenza,Ministero dell'Interno,6.0
12,Pubbliche Amministrazioni Centrali,5,Province e Città Metropolitane,C030-servizioAccertamentoIdUnicoNazionale-approvazione_autom,Ministero dell'Interno,8.0
12,Pubbliche Amministrazioni Centrali,5,Province e Città Metropolitane,PCP - Servizi comuni,Autorita' Nazionale Anticorruzione - A.N.AC.,3.0
12,Pubbliche Amministrazioni Centrali,5,Province e Città Metropolitane,PCP – Comunica appalto,Autorita' Nazionale Anticorruzione - A.N.AC.,2.0
12,Pubbliche Amministrazioni Centrali,5,Province e Città Metropolitane,C008-servizioVerificaDichResidenza-approvazione_automatica,Ministero dell'Interno,2.0
12,Pubbliche Amministrazioni Centrali,5,Province e Città Metropolitane,PCP - Comunica post pubblicazione,Autorita' Nazionale Anticorruzione - A.N.AC.,3.0
12,Pubbliche Amministrazioni Centrali,5,Province e Città Metropolitane,C007–ServizioVerificaDichEsistenzaVita-approvazione_automati,Ministero dell'Interno,5.0
12,Pubbliche Amministrazioni Centrali,5,Province e Città Metropolitane,AUSA - Anagrafe Unica delle Stazioni Appaltanti,Autorita' Nazionale Anticorruzione - A.N.AC.,3.0
12,Pubbliche Amministrazioni Centrali,5,Province e Città Metropolitane,INAD CONSULTAZIONE DD,Agenzia per L'Italia Digitale,31.0
12,Pubbliche Amministrazioni Centrali,11,Enti privati,PCP - FVPQOE,Autorita' Nazionale Anticorruzione - A.N.AC.,6.0
12,Pubbliche Amministrazioni Centrali,11,Enti privati,PCP - Pubblica avviso,Autorita' Nazionale Anticorruzione - A.N.AC.,17.0
12,Pubbliche Amministrazioni Centrali,11,Enti privati,PCP - Servizi comuni,Autorita' Nazionale Anticorruzione - A.N.AC.,18.0
12,Pubbliche Amministrazioni Centrali,11,Enti privati,PCP – Comunica appalto,Autorita' Nazionale Anticorruzione - A.N.AC.,18.0
12,Pubbliche Amministrazioni Centrali,11,Enti privati,C019-servizioAccertamentoEsistenzaVita-approvazione_automati,Ministero dell'Interno,76.0
12,Pubbliche Amministrazioni Centrali,11,Enti privati,PCP - Gestione utenti,Autorita' Nazionale Anticorruzione - A.N.AC.,14.0
12,Pubbliche Amministrazioni Centrali,11,Enti privati,PCP - Comunica post pubblicazione,Autorita' Nazionale Anticorruzione - A.N.AC.,17.0
12,Pubbliche Amministrazioni Centrali,11,Enti privati,PCP - Pianificazione appalto,Autorita' Nazionale Anticorruzione - A.N.AC.,12.0
12,Pubbliche Amministrazioni Centrali,11,Enti privati,AUSA - Anagrafe Unica delle Stazioni Appaltanti,Autorita' Nazionale Anticorruzione - A.N.AC.,12.0
12,Pubbliche Amministrazioni Centrali,11,Enti privati,PCP - FVC,Autorita' Nazionale Anticorruzione - A.N.AC.,14.0
12,Pubbliche Amministrazioni Centrali,8,Scuole,ANIST - Accertamento Frequenze,Ministero dell'istruzione e del merito,1.0
12,Pubbliche Amministrazioni Centrali,8,Scuole,ANIST - Accertamento Titoli,Ministero dell'istruzione e del merito,1.0
12,Pubbliche Amministrazioni Centrali,8,Scuole,C008-servizioVerificaDichResidenza-approvazione_automatica,Ministero dell'Interno,1.0
12,Pubbliche Amministrazioni Centrali,8,Scuole,ANIS - Consultazione Titoli [IFS03],MINISTERO DELL'UNIVERSITA' E DELLA RICERCA,2.0
12,Pubbliche Amministrazioni Centrali,8,Scuole,INAD CONSULTAZIONE DD,Agenzia per L'Italia Digitale,1.0
12,Pubbliche Amministrazioni Centrali,0,Totale,C018-servizioAccertamentoCittadinanza-approvazione_automatic,Ministero dell'Interno,478.0
12,Pubbliche Amministrazioni Centrali,0,Totale,ANNCSU - Aggiornamento coordinate,Agenzia delle Entrate,2344.0
12,Pubbliche Amministrazioni Centrali,0,Totale,ANNCSU - Consultazione per i COMUNI,Agenzia delle Entrate,551.0
12,Pubbliche Amministrazioni Centrali,0,Totale,C030-servizioAccertamentoIdUnicoNazionale-approvazione_autom,Ministero dell'Interno,870.0
12,Pubbliche Amministrazioni Centrali,0,Totale,C015-servizioAccertamentoGeneralita-approvazione_automatica,Ministero dell'Interno,412.0
12,Pubbliche Amministrazioni Centrali,0,Totale,C021-servizioAccertamentoStatoFamiglia-approvazione_automati,Ministero dell'Interno,815.0
12,Pubbliche Amministrazioni Centrali,0,Totale,ANNCSU - Aggiornamento accessi,Agenzia delle Entrate,636.0
12,Pubbliche Amministrazioni Centrali,0,Totale,C020-servizioAccertamentoResidenza-approvazione_automatica,Ministero dell'Interno,1203.0
12,Pubbliche Amministrazioni Centrali,0,Totale,ANNCSU - Aggiornamento odonimi,Agenzia delle Entrate,441.0
12,Pubbliche Amministrazioni Centrali,0,Totale,INAD CONSULTAZIONE DD,Agenzia per L'Italia Digitale,917.0
