id,name,id,name,eserviceid,eserviceName,producerName,tokenCount
0,Totale,12,Pubbliche Amministrazioni Centrali,6ee0e5c9-1382-40fc-ad1b-2f185abec256,C019-servizioAccertamentoEsistenzaVita,Ministero dell'Interno,1614908.0
0,Totale,12,Pubbliche Amministrazioni Centrali,a9305611-005c-4604-a57e-2968c9708e4a,C032-servizioAccertamentoElettorale,Ministero dell'Interno,1145752.0
0,Totale,12,Pubbliche Amministrazioni Centrali,463cf9fe-9d72-463e-922d-e200ba45fdae,ANIST - Accertamento Frequenze,Ministero dell'istruzione e del merito,549858.0
0,Totale,12,Pubbliche Amministrazioni Centrali,12d5ff12-7894-4c89-bbfc-033418fb1e38,C030-servizioAccertamentoIdUnicoNazionale-approvazione_autom,Ministero dell'Interno,601470.0
0,Totale,12,Pubbliche Amministrazioni Centrali,78fd67d2-a23e-46f4-8ff0-734c04b54feb,ANIST - Accertamento Titoli,Ministero dell'istruzione e del merito,1006590.0
0,Totale,12,Pubbliche Amministrazioni Centrali,06a2d800-1f5f-46d0-8602-d1ed7eabedf6,ANIS - Consultazione Iscrizioni [IFS02],MINISTERO DELL'UNIVERSITA' E DELLA RICERCA,556309.0
0,Totale,12,Pubbliche Amministrazioni Centrali,c0db9916-d66a-4dc5-8ffc-c1e268e20cc4,VCF1 - Verifica Booleana Codice Fiscale ,Agenzia delle Entrate,385535.0
0,Totale,12,Pubbliche Amministrazioni Centrali,c3718b5a-510c-4f8b-9195-4ca58478e733,ANS - IFS02 - Academic enrollments,MINISTERO DELL'UNIVERSITA' E DELLA RICERCA,7469019.0
0,Totale,12,Pubbliche Amministrazioni Centrali,69abfe02-3e83-4b10-82ae-8af6b9aedc7c,ANS - IFS03 - Academic qualification degrees,MINISTERO DELL'UNIVERSITA' E DELLA RICERCA,9109339.0
0,Totale,12,Pubbliche Amministrazioni Centrali,b943e5ed-1cdc-4010-8bd7-da6ee221b923,ANIS - Consultazione Titoli [IFS03],MINISTERO DELL'UNIVERSITA' E DELLA RICERCA,1043602.0
0,Totale,3,Comuni,a308cad0-9bf2-4346-954e-6dde312f9e16,C018-servizioAccertamentoCittadinanza-approvazione_automatic,Ministero dell'Interno,4830560.0
0,Totale,3,Comuni,0aa3313a-41bc-4c0b-af2b-338483583525,ANNCSU - Aggiornamento coordinate,Agenzia delle Entrate,5691799.0
0,Totale,3,Comuni,cfc8a94d-001a-4ab6-bb5c-2509b2a68af1,SEND - Servizio Notifiche Digitali,PagoPa S.p.A.,186543027.0
0,Totale,3,Comuni,12d5ff12-7894-4c89-bbfc-033418fb1e38,C030-servizioAccertamentoIdUnicoNazionale-approvazione_autom,Ministero dell'Interno,3178546.0
0,Totale,3,Comuni,c0e20947-7c1a-416e-9abf-0dfbfb3fec24,C002-servizioComunicazione-approvazione_automatica,Ministero dell'Interno,4094483.0
0,Totale,3,Comuni,5e023f06-e5d4-4f8a-b7b8-299b97d2abee,C021-servizioAccertamentoStatoFamiglia-approvazione_automati,Ministero dell'Interno,6052188.0
0,Totale,3,Comuni,57d95a2a-d740-43be-8083-b09077856e72,ANNCSU - Aggiornamento accessi,Agenzia delle Entrate,1039371.0
0,Totale,3,Comuni,a152b46b-f330-494d-9845-82c460bc9fcf,C020-servizioAccertamentoResidenza-approvazione_automatica,Ministero dell'Interno,14528835.0
0,Totale,3,Comuni,2abffc64-7511-40c9-991d-86f282137726,Servizi consultazione Registro Imprese,"Unione Italiana delle Camere di Commercio Industria, Artigianato e Agricoltura",1143397.0
0,Totale,3,Comuni,2d97cffc-27cb-4705-a21d-9e1084aec9e3,INAD CONSULTAZIONE DD,Agenzia per L'Italia Digitale,14263234.0
0,Totale,10,Università e AFAM,68d133fc-f21f-48d1-9b03-db72675b4925,Consultazione iscrizioni accademiche (IFS02),Universita' degli Studi di Palermo,4213.0
0,Totale,10,Università e AFAM,12d5ff12-7894-4c89-bbfc-033418fb1e38,C030-servizioAccertamentoIdUnicoNazionale-approvazione_autom,Ministero dell'Interno,15160.0
0,Totale,10,Università e AFAM,843ac013-941a-4afe-8243-e668142e73e6,Consultazione Attestazione ISEE,Istituto Nazionale Previdenza Sociale - INPS,41410.0
0,Totale,10,Università e AFAM,3e9012a3-1ca5-4960-9001-318587d07a09,Consultazione numero iscritti a un corso di studi (IFS09),Universita' degli Studi di Palermo,4234.0
0,Totale,10,Università e AFAM,c3b3d028-3b66-4dd5-9517-0fd504471433,Consultazione variazioni titoli accademici (IFS07),Universita' degli Studi di Palermo,4231.0
0,Totale,10,Università e AFAM,3365dfc2-fd5a-4fa3-99f0-ff43ffb5491b,Consultazione titoli accademici (IFS03),Universita' degli Studi di Palermo,4234.0
0,Totale,10,Università e AFAM,d5ddfba1-4c23-4549-b923-6442688351e8,Consultazione offerta formativa (IFS01),Universita' degli Studi di Palermo,4141.0
0,Totale,10,Università e AFAM,06dc337f-0d99-4743-a521-5e5f957e0b32,Consultazione variazioni iscrizioni accademiche (IFS06),Universita' degli Studi di Palermo,4234.0
0,Totale,10,Università e AFAM,b943e5ed-1cdc-4010-8bd7-da6ee221b923,ANIS - Consultazione Titoli [IFS03],MINISTERO DELL'UNIVERSITA' E DELLA RICERCA,999595.0
0,Totale,10,Università e AFAM,562d1d0a-7471-40d2-bb85-bc56c5a555bd,Consultazione numero iscritti per fasce ISEE (IFS08),Universita' degli Studi di Palermo,4233.0
0,Totale,4,Enti Nazionali di Previdenza ed Assistenza Sociale,6ee0e5c9-1382-40fc-ad1b-2f185abec256,C019-servizioAccertamentoEsistenzaVita,Ministero dell'Interno,2865129.0
0,Totale,4,Enti Nazionali di Previdenza ed Assistenza Sociale,724b2695-6453-4095-ad75-9f81a5a3b190,C016-servizioAccertamentoDichDecesso,Ministero dell'Interno,8724.0
0,Totale,4,Enti Nazionali di Previdenza ed Assistenza Sociale,8fe27f7f-b559-4c51-90b6-a4d6eae4ae01,C020-servizioAccertamentoResidenza,Ministero dell'Interno,526249.0
0,Totale,4,Enti Nazionali di Previdenza ed Assistenza Sociale,8177f7f9-9c7b-4c2e-a810-65880ff8b66b,C017-servizioAccertamentoMatrimonio,Ministero dell'Interno,79855.0
0,Totale,4,Enti Nazionali di Previdenza ed Assistenza Sociale,e7d5bac0-7b04-40ae-a7ae-aa094dcc8572,Invio Comunicazioni Obbligatorie - Unilav,Ministero del Lavoro e delle Politiche Sociali,29495.0
0,Totale,4,Enti Nazionali di Previdenza ed Assistenza Sociale,bfc9fb06-8886-45a4-9ce9-bc93264958ce,C015-servizioAccertamentoGeneralita,Ministero dell'Interno,29604.0
0,Totale,4,Enti Nazionali di Previdenza ed Assistenza Sociale,3ec6f973-36ab-4816-8e96-22ffb512648c,C021-servizioAccertamentoStatoFamiglia,Ministero dell'Interno,48407.0
0,Totale,4,Enti Nazionali di Previdenza ed Assistenza Sociale,f2f3fad0-c3d7-4e97-8a29-492b603926dd,C030-servizioAccertamentoIdUnicoNazionale,Ministero dell'Interno,4026224.0
0,Totale,4,Enti Nazionali di Previdenza ed Assistenza Sociale,c1c95f20-6f93-41b5-8c3e-a29d27a03b90,Invio dati al PNS,Ispettorato Nazionale del Lavoro,11351.0
0,Totale,4,Enti Nazionali di Previdenza ed Assistenza Sociale,2d97cffc-27cb-4705-a21d-9e1084aec9e3,INAD CONSULTAZIONE DD,Agenzia per L'Italia Digitale,195388.0
0,Totale,6,Altre Pubbliche Amministrazioni Centrali,507575d6-3fec-415b-9a75-53a3b83c26e6,GESTIONE ANAGRAFICHE MEDICI,Federazione Nazionale degli Ordini dei Medici Chirurghi e degli Odontoiatri,5593.0
0,Totale,6,Altre Pubbliche Amministrazioni Centrali,cfc8a94d-001a-4ab6-bb5c-2509b2a68af1,SEND - Servizio Notifiche Digitali,PagoPa S.p.A.,41155.0
0,Totale,6,Altre Pubbliche Amministrazioni Centrali,8fe27f7f-b559-4c51-90b6-a4d6eae4ae01,C020-servizioAccertamentoResidenza,Ministero dell'Interno,4246.0
0,Totale,6,Altre Pubbliche Amministrazioni Centrali,12d5ff12-7894-4c89-bbfc-033418fb1e38,C030-servizioAccertamentoIdUnicoNazionale-approvazione_autom,Ministero dell'Interno,42302.0
0,Totale,6,Altre Pubbliche Amministrazioni Centrali,326628e1-dd72-4b61-8dde-4f8f97108219,Rendis,Istituto Superiore per la Protezione e la Ricerca Ambientale,134.0
0,Totale,6,Altre Pubbliche Amministrazioni Centrali,1015a5f3-0bfa-4da2-accb-a1dd2260a777,C008-servizioVerificaDichResidenza-approvazione_automatica,Ministero dell'Interno,92.0
0,Totale,6,Altre Pubbliche Amministrazioni Centrali,cddca182-b3f8-4599-89d4-b8a09375202f,ElabMassivaAccertIdUnicoNazionale,Ministero dell'Interno,232850.0
0,Totale,6,Altre Pubbliche Amministrazioni Centrali,ea3e08b5-47d2-47e4-bcd8-9fe7a988a3c9,C003-servizioVerificaDichGeneralita-approvazione_automatica,Ministero dell'Interno,350978.0
0,Totale,6,Altre Pubbliche Amministrazioni Centrali,936f081c-141e-4601-a9aa-4a6b5437bbfe,ANPR-Certificazione,Ministero dell'Interno,25925.0
0,Totale,6,Altre Pubbliche Amministrazioni Centrali,2d97cffc-27cb-4705-a21d-9e1084aec9e3,INAD CONSULTAZIONE DD,Agenzia per L'Italia Digitale,703.0
0,Totale,7,Regioni e Province Autonome,12d5ff12-7894-4c89-bbfc-033418fb1e38,C030-servizioAccertamentoIdUnicoNazionale-approvazione_autom,Ministero dell'Interno,243288.0
0,Totale,7,Regioni e Province Autonome,28a33c9f-7450-4f66-8776-4db37adab3a5,PCP - Servizi comuni,Autorita' Nazionale Anticorruzione - A.N.AC.,297220.0
0,Totale,7,Regioni e Province Autonome,e7d5bac0-7b04-40ae-a7ae-aa094dcc8572,Invio Comunicazioni Obbligatorie - Unilav,Ministero del Lavoro e delle Politiche Sociali,101595.0
0,Totale,7,Regioni e Province Autonome,84ff6795-2255-4784-95d8-c4eb4b89a6b5,PCP – Comunica appalto,Autorita' Nazionale Anticorruzione - A.N.AC.,144624.0
0,Totale,7,Regioni e Province Autonome,a152b46b-f330-494d-9845-82c460bc9fcf,C020-servizioAccertamentoResidenza-approvazione_automatica,Ministero dell'Interno,217835.0
0,Totale,7,Regioni e Province Autonome,f2f3fad0-c3d7-4e97-8a29-492b603926dd,C030-servizioAccertamentoIdUnicoNazionale,Ministero dell'Interno,68713.0
0,Totale,7,Regioni e Province Autonome,dfc8c208-813a-4da1-be6c-b20789f6cd93,PCP - Comunica post pubblicazione,Autorita' Nazionale Anticorruzione - A.N.AC.,80194.0
0,Totale,7,Regioni e Province Autonome,87fa140e-24ec-4bfa-92b1-4b7cd5997996,AUSA - Anagrafe Unica delle Stazioni Appaltanti,Autorita' Nazionale Anticorruzione - A.N.AC.,339179.0
0,Totale,7,Regioni e Province Autonome,592fa08b-3c3b-459a-af7e-ae0330f38eb3,PCP - FVC,Autorita' Nazionale Anticorruzione - A.N.AC.,350067.0
0,Totale,7,Regioni e Province Autonome,a158fc5c-b5cc-4d0f-a8a7-9c6481cbf8cd,Ricezione Comunicazioni Obbligatorie - Unilav,Ministero del Lavoro e delle Politiche Sociali,520205.0
0,Totale,2,Aziende sanitarie locali e Strutture di ricovero,724b2695-6453-4095-ad75-9f81a5a3b190,C016-servizioAccertamentoDichDecesso,Ministero dell'Interno,1348.0
0,Totale,2,Aziende sanitarie locali e Strutture di ricovero,cfc8a94d-001a-4ab6-bb5c-2509b2a68af1,SEND - Servizio Notifiche Digitali,PagoPa S.p.A.,30460.0
0,Totale,2,Aziende sanitarie locali e Strutture di ricovero,ce093b84-bcb2-4bdd-ae75-0fc1dcf56ce1,PCP - Pubblica avviso,Autorita' Nazionale Anticorruzione - A.N.AC.,2188.0
0,Totale,2,Aziende sanitarie locali e Strutture di ricovero,8fe27f7f-b559-4c51-90b6-a4d6eae4ae01,C020-servizioAccertamentoResidenza,Ministero dell'Interno,1845.0
0,Totale,2,Aziende sanitarie locali e Strutture di ricovero,12d5ff12-7894-4c89-bbfc-033418fb1e38,C030-servizioAccertamentoIdUnicoNazionale-approvazione_autom,Ministero dell'Interno,3684.0
0,Totale,2,Aziende sanitarie locali e Strutture di ricovero,28a33c9f-7450-4f66-8776-4db37adab3a5,PCP - Servizi comuni,Autorita' Nazionale Anticorruzione - A.N.AC.,20891.0
0,Totale,2,Aziende sanitarie locali e Strutture di ricovero,84ff6795-2255-4784-95d8-c4eb4b89a6b5,PCP – Comunica appalto,Autorita' Nazionale Anticorruzione - A.N.AC.,18459.0
0,Totale,2,Aziende sanitarie locali e Strutture di ricovero,dfc8c208-813a-4da1-be6c-b20789f6cd93,PCP - Comunica post pubblicazione,Autorita' Nazionale Anticorruzione - A.N.AC.,23612.0
0,Totale,2,Aziende sanitarie locali e Strutture di ricovero,87fa140e-24ec-4bfa-92b1-4b7cd5997996,AUSA - Anagrafe Unica delle Stazioni Appaltanti,Autorita' Nazionale Anticorruzione - A.N.AC.,136844.0
0,Totale,2,Aziende sanitarie locali e Strutture di ricovero,592fa08b-3c3b-459a-af7e-ae0330f38eb3,PCP - FVC,Autorita' Nazionale Anticorruzione - A.N.AC.,24616.0
0,Totale,1,Altre Pubbliche Amministrazioni locali,cfc8a94d-001a-4ab6-bb5c-2509b2a68af1,SEND - Servizio Notifiche Digitali,PagoPa S.p.A.,2062229.0
0,Totale,1,Altre Pubbliche Amministrazioni locali,ce093b84-bcb2-4bdd-ae75-0fc1dcf56ce1,PCP - Pubblica avviso,Autorita' Nazionale Anticorruzione - A.N.AC.,407973.0
0,Totale,1,Altre Pubbliche Amministrazioni locali,12d5ff12-7894-4c89-bbfc-033418fb1e38,C030-servizioAccertamentoIdUnicoNazionale-approvazione_autom,Ministero dell'Interno,311289.0
0,Totale,1,Altre Pubbliche Amministrazioni locali,28a33c9f-7450-4f66-8776-4db37adab3a5,PCP - Servizi comuni,Autorita' Nazionale Anticorruzione - A.N.AC.,645905.0
0,Totale,1,Altre Pubbliche Amministrazioni locali,e7d5bac0-7b04-40ae-a7ae-aa094dcc8572,Invio Comunicazioni Obbligatorie - Unilav,Ministero del Lavoro e delle Politiche Sociali,763791.0
0,Totale,1,Altre Pubbliche Amministrazioni locali,84ff6795-2255-4784-95d8-c4eb4b89a6b5,PCP – Comunica appalto,Autorita' Nazionale Anticorruzione - A.N.AC.,381849.0
0,Totale,1,Altre Pubbliche Amministrazioni locali,87fa140e-24ec-4bfa-92b1-4b7cd5997996,AUSA - Anagrafe Unica delle Stazioni Appaltanti,Autorita' Nazionale Anticorruzione - A.N.AC.,835357.0
0,Totale,1,Altre Pubbliche Amministrazioni locali,87d6b335-cf2f-4942-9ff5-bd66b34b28f1,Invio Comunicazioni Obbligatorie - UniSomm,Ministero del Lavoro e delle Politiche Sociali,584645.0
0,Totale,1,Altre Pubbliche Amministrazioni locali,592fa08b-3c3b-459a-af7e-ae0330f38eb3,PCP - FVC,Autorita' Nazionale Anticorruzione - A.N.AC.,233043.0
0,Totale,1,Altre Pubbliche Amministrazioni locali,2d97cffc-27cb-4705-a21d-9e1084aec9e3,INAD CONSULTAZIONE DD,Agenzia per L'Italia Digitale,1413398.0
0,Totale,5,Province e Città Metropolitane,cfc8a94d-001a-4ab6-bb5c-2509b2a68af1,SEND - Servizio Notifiche Digitali,PagoPa S.p.A.,113787.0
0,Totale,5,Province e Città Metropolitane,ce093b84-bcb2-4bdd-ae75-0fc1dcf56ce1,PCP - Pubblica avviso,Autorita' Nazionale Anticorruzione - A.N.AC.,1116.0
0,Totale,5,Province e Città Metropolitane,8fe27f7f-b559-4c51-90b6-a4d6eae4ae01,C020-servizioAccertamentoResidenza,Ministero dell'Interno,58658.0
0,Totale,5,Province e Città Metropolitane,12d5ff12-7894-4c89-bbfc-033418fb1e38,C030-servizioAccertamentoIdUnicoNazionale-approvazione_autom,Ministero dell'Interno,41374.0
0,Totale,5,Province e Città Metropolitane,28a33c9f-7450-4f66-8776-4db37adab3a5,PCP - Servizi comuni,Autorita' Nazionale Anticorruzione - A.N.AC.,2635.0
0,Totale,5,Province e Città Metropolitane,84ff6795-2255-4784-95d8-c4eb4b89a6b5,PCP – Comunica appalto,Autorita' Nazionale Anticorruzione - A.N.AC.,2176.0
0,Totale,5,Province e Città Metropolitane,52362c8e-eccf-490c-935b-dcb56ec66c01,C007–ServizioVerificaDichEsistenzaVita-approvazione_automati,Ministero dell'Interno,1843.0
0,Totale,5,Province e Città Metropolitane,87fa140e-24ec-4bfa-92b1-4b7cd5997996,AUSA - Anagrafe Unica delle Stazioni Appaltanti,Autorita' Nazionale Anticorruzione - A.N.AC.,39283.0
0,Totale,5,Province e Città Metropolitane,592fa08b-3c3b-459a-af7e-ae0330f38eb3,PCP - FVC,Autorita' Nazionale Anticorruzione - A.N.AC.,6667.0
0,Totale,5,Province e Città Metropolitane,2d97cffc-27cb-4705-a21d-9e1084aec9e3,INAD CONSULTAZIONE DD,Agenzia per L'Italia Digitale,210959.0
0,Totale,9,Stazioni Appaltanti e Gestori di pubblici servizi,cfc8a94d-001a-4ab6-bb5c-2509b2a68af1,SEND - Servizio Notifiche Digitali,PagoPa S.p.A.,36823644.0
0,Totale,9,Stazioni Appaltanti e Gestori di pubblici servizi,ce093b84-bcb2-4bdd-ae75-0fc1dcf56ce1,PCP - Pubblica avviso,Autorita' Nazionale Anticorruzione - A.N.AC.,1946620.0
0,Totale,9,Stazioni Appaltanti e Gestori di pubblici servizi,e77ceead-0967-44f1-958d-367d7b7fcaaa,DGMOT-AppIO-La mia Patente,Ministero delle infrastrutture e dei trasporti,5496359.0
0,Totale,9,Stazioni Appaltanti e Gestori di pubblici servizi,bae24663-719a-45f2-8e14-f9cdc48f4a1b,DGMOT-ITWALLET-Richiesta Patente con Emissione Asincrona,Ministero delle infrastrutture e dei trasporti,14095373.0
0,Totale,9,Stazioni Appaltanti e Gestori di pubblici servizi,dc9cdf88-1696-4b90-b29e-c116cc0f8c24,SEND - solo per SCP (Società a controllo pubblico),PagoPa S.p.A.,2821863.0
0,Totale,9,Stazioni Appaltanti e Gestori di pubblici servizi,28a33c9f-7450-4f66-8776-4db37adab3a5,PCP - Servizi comuni,Autorita' Nazionale Anticorruzione - A.N.AC.,4649151.0
0,Totale,9,Stazioni Appaltanti e Gestori di pubblici servizi,b5db89e0-1752-497c-983d-5ada7b20a12e,DGMOT-ITWALLET-Richiesta Patente con Emissione Sincrona,Ministero delle infrastrutture e dei trasporti,4091350.0
0,Totale,9,Stazioni Appaltanti e Gestori di pubblici servizi,84ff6795-2255-4784-95d8-c4eb4b89a6b5,PCP – Comunica appalto,Autorita' Nazionale Anticorruzione - A.N.AC.,4876113.0
0,Totale,9,Stazioni Appaltanti e Gestori di pubblici servizi,87fa140e-24ec-4bfa-92b1-4b7cd5997996,AUSA - Anagrafe Unica delle Stazioni Appaltanti,Autorita' Nazionale Anticorruzione - A.N.AC.,3948657.0
0,Totale,9,Stazioni Appaltanti e Gestori di pubblici servizi,592fa08b-3c3b-459a-af7e-ae0330f38eb3,PCP - FVC,Autorita' Nazionale Anticorruzione - A.N.AC.,3657642.0
0,Totale,11,Enti privati,ce093b84-bcb2-4bdd-ae75-0fc1dcf56ce1,PCP - Pubblica avviso,Autorita' Nazionale Anticorruzione - A.N.AC.,1475690.0
0,Totale,11,Enti privati,28a33c9f-7450-4f66-8776-4db37adab3a5,PCP - Servizi comuni,Autorita' Nazionale Anticorruzione - A.N.AC.,3720714.0
0,Totale,11,Enti privati,84ff6795-2255-4784-95d8-c4eb4b89a6b5,PCP – Comunica appalto,Autorita' Nazionale Anticorruzione - A.N.AC.,3226546.0
0,Totale,11,Enti privati,a5549d0a-0580-490c-9441-525f90a2259f,PCP - FVA,Autorita' Nazionale Anticorruzione - A.N.AC.,1875725.0
0,Totale,11,Enti privati,673e99b9-f7cc-4e1c-b319-677340d53956,APICIG,Autorita' Nazionale Anticorruzione - A.N.AC.,69399.0
0,Totale,11,Enti privati,fd741918-cac1-4d5f-9437-15b520b4cce3,C019-servizioAccertamentoEsistenzaVita-approvazione_automati,Ministero dell'Interno,11420855.0
0,Totale,11,Enti privati,c0e26d8d-ac9c-4fb4-b960-edc335db4338,PCP - Gestione utenti,Autorita' Nazionale Anticorruzione - A.N.AC.,422184.0
0,Totale,11,Enti privati,dfc8c208-813a-4da1-be6c-b20789f6cd93,PCP - Comunica post pubblicazione,Autorita' Nazionale Anticorruzione - A.N.AC.,1935528.0
0,Totale,11,Enti privati,87fa140e-24ec-4bfa-92b1-4b7cd5997996,AUSA - Anagrafe Unica delle Stazioni Appaltanti,Autorita' Nazionale Anticorruzione - A.N.AC.,921881.0
0,Totale,11,Enti privati,592fa08b-3c3b-459a-af7e-ae0330f38eb3,PCP - FVC,Autorita' Nazionale Anticorruzione - A.N.AC.,2135203.0
0,Totale,8,Scuole,463cf9fe-9d72-463e-922d-e200ba45fdae,ANIST - Accertamento Frequenze,Ministero dell'istruzione e del merito,3.0
0,Totale,8,Scuole,78fd67d2-a23e-46f4-8ff0-734c04b54feb,ANIST - Accertamento Titoli,Ministero dell'istruzione e del merito,8.0
0,Totale,8,Scuole,1015a5f3-0bfa-4da2-accb-a1dd2260a777,C008-servizioVerificaDichResidenza-approvazione_automatica,Ministero dell'Interno,14.0
0,Totale,8,Scuole,b943e5ed-1cdc-4010-8bd7-da6ee221b923,ANIS - Consultazione Titoli [IFS03],MINISTERO DELL'UNIVERSITA' E DELLA RICERCA,43.0
0,Totale,8,Scuole,2d97cffc-27cb-4705-a21d-9e1084aec9e3,INAD CONSULTAZIONE DD,Agenzia per L'Italia Digitale,2.0
0,Totale,0,Totale,cfc8a94d-001a-4ab6-bb5c-2509b2a68af1,SEND - Servizio Notifiche Digitali,PagoPa S.p.A.,225816016.0
0,Totale,0,Totale,bae24663-719a-45f2-8e14-f9cdc48f4a1b,DGMOT-ITWALLET-Richiesta Patente con Emissione Asincrona,Ministero delle infrastrutture e dei trasporti,14095376.0
0,Totale,0,Totale,28a33c9f-7450-4f66-8776-4db37adab3a5,PCP - Servizi comuni,Autorita' Nazionale Anticorruzione - A.N.AC.,9352366.0
0,Totale,0,Totale,84ff6795-2255-4784-95d8-c4eb4b89a6b5,PCP – Comunica appalto,Autorita' Nazionale Anticorruzione - A.N.AC.,8657252.0
0,Totale,0,Totale,a152b46b-f330-494d-9845-82c460bc9fcf,C020-servizioAccertamentoResidenza-approvazione_automatica,Ministero dell'Interno,14921734.0
0,Totale,0,Totale,fd741918-cac1-4d5f-9437-15b520b4cce3,C019-servizioAccertamentoEsistenzaVita-approvazione_automati,Ministero dell'Interno,12078549.0
0,Totale,0,Totale,c3718b5a-510c-4f8b-9195-4ca58478e733,ANS - IFS02 - Academic enrollments,MINISTERO DELL'UNIVERSITA' E DELLA RICERCA,7469019.0
0,Totale,0,Totale,69abfe02-3e83-4b10-82ae-8af6b9aedc7c,ANS - IFS03 - Academic qualification degrees,MINISTERO DELL'UNIVERSITA' E DELLA RICERCA,9109339.0
0,Totale,0,Totale,592fa08b-3c3b-459a-af7e-ae0330f38eb3,PCP - FVC,Autorita' Nazionale Anticorruzione - A.N.AC.,6412891.0
0,Totale,0,Totale,2d97cffc-27cb-4705-a21d-9e1084aec9e3,INAD CONSULTAZIONE DD,Agenzia per L'Italia Digitale,16591398.0
1,Altre Pubbliche Amministrazioni locali,12,Pubbliche Amministrazioni Centrali,2bcc543c-512b-4490-aade-aafa0b2458bd,SMP-IPA-REST,Intercent-er Agenzia Regionale per Lo Sviluppo Dei Mercati Telematici,12.0
1,Altre Pubbliche Amministrazioni locali,12,Pubbliche Amministrazioni Centrali,2c31cb18-f9a6-438f-82ce-60197db75541,Servizio di collegamento imprese/PDND - Callback documenti,"Unione Italiana delle Camere di Commercio Industria, Artigianato e Agricoltura",145.0
1,Altre Pubbliche Amministrazioni locali,12,Pubbliche Amministrazioni Centrali,e37dde23-93f2-4c8f-89a2-472cd0d4f380,ACCREDITAMENTO SUAP ED ENTI-TERZI - SUITE DI BLACK-BOX-TEST,"Unione Italiana delle Camere di Commercio Industria, Artigianato e Agricoltura",10.0
1,Altre Pubbliche Amministrazioni locali,12,Pubbliche Amministrazioni Centrali,bef159db-4f9f-4956-ad42-42e110c77f7b,Ricezione CO,Agenzia Regionale per Le Politiche Attive del Lavoro - Arpal Umbria,2896.0
1,Altre Pubbliche Amministrazioni locali,12,Pubbliche Amministrazioni Centrali,4f8fecec-8bfc-4c23-80a3-c67814c853a8,Identity Matching - Attestazione rappresentanza legale,"Unione Italiana delle Camere di Commercio Industria, Artigianato e Agricoltura",27.0
1,Altre Pubbliche Amministrazioni locali,12,Pubbliche Amministrazioni Centrali,2abffc64-7511-40c9-991d-86f282137726,Servizi consultazione Registro Imprese,"Unione Italiana delle Camere di Commercio Industria, Artigianato e Agricoltura",88326.0
1,Altre Pubbliche Amministrazioni locali,3,Comuni,984935f2-4b4d-462c-a9c6-7e06d1610c07,I1G - SSU BO to ET,"Unione Italiana delle Camere di Commercio Industria, Artigianato e Agricoltura",4.0
1,Altre Pubbliche Amministrazioni locali,3,Comuni,e37dde23-93f2-4c8f-89a2-472cd0d4f380,ACCREDITAMENTO SUAP ED ENTI-TERZI - SUITE DI BLACK-BOX-TEST,"Unione Italiana delle Camere di Commercio Industria, Artigianato e Agricoltura",3910.0
1,Altre Pubbliche Amministrazioni locali,3,Comuni,7a850b8b-4307-491f-9534-771e212d4c45,CATALOGO - METADATI,"Unione Italiana delle Camere di Commercio Industria, Artigianato e Agricoltura",3.0
1,Altre Pubbliche Amministrazioni locali,3,Comuni,2abffc64-7511-40c9-991d-86f282137726,Servizi consultazione Registro Imprese,"Unione Italiana delle Camere di Commercio Industria, Artigianato e Agricoltura",1143397.0
1,Altre Pubbliche Amministrazioni locali,3,Comuni,1bcf7afa-dcc6-4674-8f2c-978da051d065,CATALOGO - GESTIONE ISTANZA - ENTI TERZI,"Unione Italiana delle Camere di Commercio Industria, Artigianato e Agricoltura",13.0
1,Altre Pubbliche Amministrazioni locali,3,Comuni,3323ec41-c30a-403a-b5fd-28c8520c4a41,Amministrazione Trasparente - Atti di concessione,Comunita' di Montagna della Carnia,6.0
1,Altre Pubbliche Amministrazioni locali,10,Università e AFAM,,,,
1,Altre Pubbliche Amministrazioni locali,4,Enti Nazionali di Previdenza ed Assistenza Sociale,2c31cb18-f9a6-438f-82ce-60197db75541,Servizio di collegamento imprese/PDND - Callback documenti,"Unione Italiana delle Camere di Commercio Industria, Artigianato e Agricoltura",2524.0
1,Altre Pubbliche Amministrazioni locali,4,Enti Nazionali di Previdenza ed Assistenza Sociale,5ea042e5-2e4b-4472-8820-1025dd011cc1,Welfare as a Service per i Comuni - (WaaS per i Comuni),Consorzio Intercomunale Dei Servizi Ed Interventi Sociali Valle del Tevere,54.0
1,Altre Pubbliche Amministrazioni locali,4,Enti Nazionali di Previdenza ed Assistenza Sociale,688ffdb5-8296-48b8-ae61-f9cf1621da2d,Welfare as a Service per i Comuni - (WaaS per i Comuni),Azienda Speciale per I Servizi Sociali del Comune di Montesilvano,49.0
1,Altre Pubbliche Amministrazioni locali,4,Enti Nazionali di Previdenza ed Assistenza Sociale,2abffc64-7511-40c9-991d-86f282137726,Servizi consultazione Registro Imprese,"Unione Italiana delle Camere di Commercio Industria, Artigianato e Agricoltura",2192.0
1,Altre Pubbliche Amministrazioni locali,6,Altre Pubbliche Amministrazioni Centrali,2abffc64-7511-40c9-991d-86f282137726,Servizi consultazione Registro Imprese,"Unione Italiana delle Camere di Commercio Industria, Artigianato e Agricoltura",2.0
1,Altre Pubbliche Amministrazioni locali,7,Regioni e Province Autonome,e37dde23-93f2-4c8f-89a2-472cd0d4f380,ACCREDITAMENTO SUAP ED ENTI-TERZI - SUITE DI BLACK-BOX-TEST,"Unione Italiana delle Camere di Commercio Industria, Artigianato e Agricoltura",1330.0
1,Altre Pubbliche Amministrazioni locali,7,Regioni e Province Autonome,2abffc64-7511-40c9-991d-86f282137726,Servizi consultazione Registro Imprese,"Unione Italiana delle Camere di Commercio Industria, Artigianato e Agricoltura",165.0
1,Altre Pubbliche Amministrazioni locali,2,Aziende sanitarie locali e Strutture di ricovero,e37dde23-93f2-4c8f-89a2-472cd0d4f380,ACCREDITAMENTO SUAP ED ENTI-TERZI - SUITE DI BLACK-BOX-TEST,"Unione Italiana delle Camere di Commercio Industria, Artigianato e Agricoltura",5.0
1,Altre Pubbliche Amministrazioni locali,2,Aziende sanitarie locali e Strutture di ricovero,2abffc64-7511-40c9-991d-86f282137726,Servizi consultazione Registro Imprese,"Unione Italiana delle Camere di Commercio Industria, Artigianato e Agricoltura",58.0
1,Altre Pubbliche Amministrazioni locali,1,Altre Pubbliche Amministrazioni locali,e37dde23-93f2-4c8f-89a2-472cd0d4f380,ACCREDITAMENTO SUAP ED ENTI-TERZI - SUITE DI BLACK-BOX-TEST,"Unione Italiana delle Camere di Commercio Industria, Artigianato e Agricoltura",1104.0
1,Altre Pubbliche Amministrazioni locali,1,Altre Pubbliche Amministrazioni locali,f9aefef6-c453-4205-95b8-cbe5533dc892,SGDBI,Itaca- Istituto per L'Innovazione e Trasparenza Degli Appalti e La Compatibilita Ambientale,757.0
1,Altre Pubbliche Amministrazioni locali,1,Altre Pubbliche Amministrazioni locali,2abffc64-7511-40c9-991d-86f282137726,Servizi consultazione Registro Imprese,"Unione Italiana delle Camere di Commercio Industria, Artigianato e Agricoltura",15639.0
1,Altre Pubbliche Amministrazioni locali,1,Altre Pubbliche Amministrazioni locali,0116d2da-3361-479d-9a93-bb2137c5cc0a,Servizio di collegamento imprese/PDND - Richiesta documenti,"Unione Italiana delle Camere di Commercio Industria, Artigianato e Agricoltura",271.0
1,Altre Pubbliche Amministrazioni locali,5,Province e Città Metropolitane,e37dde23-93f2-4c8f-89a2-472cd0d4f380,ACCREDITAMENTO SUAP ED ENTI-TERZI - SUITE DI BLACK-BOX-TEST,"Unione Italiana delle Camere di Commercio Industria, Artigianato e Agricoltura",989.0
1,Altre Pubbliche Amministrazioni locali,5,Province e Città Metropolitane,7a850b8b-4307-491f-9534-771e212d4c45,CATALOGO - METADATI,"Unione Italiana delle Camere di Commercio Industria, Artigianato e Agricoltura",6.0
1,Altre Pubbliche Amministrazioni locali,5,Province e Città Metropolitane,2abffc64-7511-40c9-991d-86f282137726,Servizi consultazione Registro Imprese,"Unione Italiana delle Camere di Commercio Industria, Artigianato e Agricoltura",27.0
1,Altre Pubbliche Amministrazioni locali,9,Stazioni Appaltanti e Gestori di pubblici servizi,e37dde23-93f2-4c8f-89a2-472cd0d4f380,ACCREDITAMENTO SUAP ED ENTI-TERZI - SUITE DI BLACK-BOX-TEST,"Unione Italiana delle Camere di Commercio Industria, Artigianato e Agricoltura",50.0
1,Altre Pubbliche Amministrazioni locali,9,Stazioni Appaltanti e Gestori di pubblici servizi,2abffc64-7511-40c9-991d-86f282137726,Servizi consultazione Registro Imprese,"Unione Italiana delle Camere di Commercio Industria, Artigianato e Agricoltura",6401.0
1,Altre Pubbliche Amministrazioni locali,11,Enti privati,e37dde23-93f2-4c8f-89a2-472cd0d4f380,ACCREDITAMENTO SUAP ED ENTI-TERZI - SUITE DI BLACK-BOX-TEST,"Unione Italiana delle Camere di Commercio Industria, Artigianato e Agricoltura",18.0
1,Altre Pubbliche Amministrazioni locali,8,Scuole,,,,
1,Altre Pubbliche Amministrazioni locali,0,Totale,2c31cb18-f9a6-438f-82ce-60197db75541,Servizio di collegamento imprese/PDND - Callback documenti,"Unione Italiana delle Camere di Commercio Industria, Artigianato e Agricoltura",2669.0
1,Altre Pubbliche Amministrazioni locali,0,Totale,e37dde23-93f2-4c8f-89a2-472cd0d4f380,ACCREDITAMENTO SUAP ED ENTI-TERZI - SUITE DI BLACK-BOX-TEST,"Unione Italiana delle Camere di Commercio Industria, Artigianato e Agricoltura",7416.0
1,Altre Pubbliche Amministrazioni locali,0,Totale,bef159db-4f9f-4956-ad42-42e110c77f7b,Ricezione CO,Agenzia Regionale per Le Politiche Attive del Lavoro - Arpal Umbria,2896.0
1,Altre Pubbliche Amministrazioni locali,0,Totale,4f8fecec-8bfc-4c23-80a3-c67814c853a8,Identity Matching - Attestazione rappresentanza legale,"Unione Italiana delle Camere di Commercio Industria, Artigianato e Agricoltura",27.0
1,Altre Pubbliche Amministrazioni locali,0,Totale,f9aefef6-c453-4205-95b8-cbe5533dc892,SGDBI,Itaca- Istituto per L'Innovazione e Trasparenza Degli Appalti e La Compatibilita Ambientale,757.0
1,Altre Pubbliche Amministrazioni locali,0,Totale,5ea042e5-2e4b-4472-8820-1025dd011cc1,Welfare as a Service per i Comuni - (WaaS per i Comuni),Consorzio Intercomunale Dei Servizi Ed Interventi Sociali Valle del Tevere,54.0
1,Altre Pubbliche Amministrazioni locali,0,Totale,688ffdb5-8296-48b8-ae61-f9cf1621da2d,Welfare as a Service per i Comuni - (WaaS per i Comuni),Azienda Speciale per I Servizi Sociali del Comune di Montesilvano,49.0
1,Altre Pubbliche Amministrazioni locali,0,Totale,2abffc64-7511-40c9-991d-86f282137726,Servizi consultazione Registro Imprese,"Unione Italiana delle Camere di Commercio Industria, Artigianato e Agricoltura",1256207.0
1,Altre Pubbliche Amministrazioni locali,0,Totale,1bcf7afa-dcc6-4674-8f2c-978da051d065,CATALOGO - GESTIONE ISTANZA - ENTI TERZI,"Unione Italiana delle Camere di Commercio Industria, Artigianato e Agricoltura",13.0
1,Altre Pubbliche Amministrazioni locali,0,Totale,0116d2da-3361-479d-9a93-bb2137c5cc0a,Servizio di collegamento imprese/PDND - Richiesta documenti,"Unione Italiana delle Camere di Commercio Industria, Artigianato e Agricoltura",271.0
2,Aziende sanitarie locali e Strutture di ricovero,12,Pubbliche Amministrazioni Centrali,,,,
2,Aziende sanitarie locali e Strutture di ricovero,3,Comuni,,,,
2,Aziende sanitarie locali e Strutture di ricovero,10,Università e AFAM,,,,
2,Aziende sanitarie locali e Strutture di ricovero,4,Enti Nazionali di Previdenza ed Assistenza Sociale,,,,
2,Aziende sanitarie locali e Strutture di ricovero,6,Altre Pubbliche Amministrazioni Centrali,,,,
2,Aziende sanitarie locali e Strutture di ricovero,7,Regioni e Province Autonome,,,,
2,Aziende sanitarie locali e Strutture di ricovero,2,Aziende sanitarie locali e Strutture di ricovero,bf550e33-198c-49e9-8013-0348186cac8c,Tempi attesa pronto soccorso,Azienda Sanitaria Provinciale di Vibo Valentia,28.0
2,Aziende sanitarie locali e Strutture di ricovero,2,Aziende sanitarie locali e Strutture di ricovero,bd92bc2e-9e92-4942-9cbd-b3162fa59e36,Posti letto per reparto,Azienda Sanitaria Provinciale di Vibo Valentia,15.0
2,Aziende sanitarie locali e Strutture di ricovero,1,Altre Pubbliche Amministrazioni locali,,,,
2,Aziende sanitarie locali e Strutture di ricovero,5,Province e Città Metropolitane,,,,
2,Aziende sanitarie locali e Strutture di ricovero,9,Stazioni Appaltanti e Gestori di pubblici servizi,,,,
2,Aziende sanitarie locali e Strutture di ricovero,11,Enti privati,,,,
2,Aziende sanitarie locali e Strutture di ricovero,8,Scuole,,,,
2,Aziende sanitarie locali e Strutture di ricovero,0,Totale,bf550e33-198c-49e9-8013-0348186cac8c,Tempi attesa pronto soccorso,Azienda Sanitaria Provinciale di Vibo Valentia,28.0
2,Aziende sanitarie locali e Strutture di ricovero,0,Totale,bd92bc2e-9e92-4942-9cbd-b3162fa59e36,Posti letto per reparto,Azienda Sanitaria Provinciale di Vibo Valentia,15.0
3,Comuni,12,Pubbliche Amministrazioni Centrali,,,,
3,Comuni,3,Comuni,859dd827-6b5d-4389-8274-0201ef047f5b,Registrazione e consultazione protocollo,Comune di Nichelino,3175.0
3,Comuni,3,Comuni,95b7fa5f-3bcb-49f2-833f-5762a8a55222,Consultazione Civici,Comune di Prato,1485.0
3,Comuni,3,Comuni,8a929291-9ba0-4e2e-a195-c789a6c3f6ca,Interoperabilità protocollo tra AOO,Comune di Prato,46.0
3,Comuni,3,Comuni,a8940f05-d4e4-42a8-bf3d-51be74db7f00,PROT - Protocollo Informatico,Comune di Bergeggi,161.0
3,Comuni,3,Comuni,6b9dcd61-a8d1-4c38-9038-1d4de4259a84,Aree Verdi,Comune di Lurano,45.0
3,Comuni,3,Comuni,3988e686-9e2b-459f-ad03-8488625f4947,Consultazione Eventi Comune di Benevento,Comune di Benevento,20262.0
3,Comuni,3,Comuni,a0a31592-8598-46d3-be05-89330bf67c8a,Albo Pretorio,Comune di Senigallia,331.0
3,Comuni,3,Comuni,e7967fed-f066-4164-9092-ee0cd44c836f,Consultazione Anagrafe Comunale degli Immobili,Comune di Prato,1789.0
3,Comuni,3,Comuni,ee7986cb-91e3-4ef8-a912-42d052abe813,Consultazione Edifici,Comune di Prato,1605.0
3,Comuni,3,Comuni,3ea3a239-8ec6-488a-b1fb-2634dc0bd97c,Interoperabilità protocollo tra AOO,Comune di Realmonte,362.0
3,Comuni,10,Università e AFAM,,,,
3,Comuni,4,Enti Nazionali di Previdenza ed Assistenza Sociale,360e9ba0-d79f-4814-90bc-4603a7980cb5,SIUSS,Comune di Prato,59.0
3,Comuni,4,Enti Nazionali di Previdenza ed Assistenza Sociale,dcb22fe8-c757-4e15-8612-b82bc2e15295,Welfare as a Service per i Comuni - (WaaS per i Comuni),Comune di Montemurlo,75.0
3,Comuni,4,Enti Nazionali di Previdenza ed Assistenza Sociale,a9bbab9f-4ad5-44d8-a1d4-d08bdb560272,Welfare as a Service per i Comuni - (WaaS per i Comuni),Comune di Noto,59.0
3,Comuni,4,Enti Nazionali di Previdenza ed Assistenza Sociale,49f27926-c39a-4eb5-95f8-869dc016a7c7,WaaS Welfare as a Service trasmissione dati al SIUSS,Comune di Cordovado,59.0
3,Comuni,4,Enti Nazionali di Previdenza ed Assistenza Sociale,ebfa4dda-c428-42db-a963-20302d5270a4,WAAS SIUSS Alimentazione,Comune di Roncade,79.0
3,Comuni,4,Enti Nazionali di Previdenza ed Assistenza Sociale,6dad353a-6022-4f72-88ed-7c88739b3d52,WAAS SIUSS Alimentazione,Comune di Santa Maria del Cedro,59.0
3,Comuni,4,Enti Nazionali di Previdenza ed Assistenza Sociale,aa20be9b-2d28-40c6-8726-bbca74f57c2f,WaaS Welfare as a Service trasmissione dati al SIUSS,Comune di Erba,59.0
3,Comuni,4,Enti Nazionali di Previdenza ed Assistenza Sociale,35e0cd35-cde8-4d43-bb15-383273843a81,WAAS-SIUSS-Alimentazione,Comune di Maracalagonis,59.0
3,Comuni,4,Enti Nazionali di Previdenza ed Assistenza Sociale,a85666d7-7be8-4b5f-bed2-8852b97037ba,WAAS-SIUSS-Alimentazione,Comune di Zola Predosa,65.0
3,Comuni,4,Enti Nazionali di Previdenza ed Assistenza Sociale,5ea0a7b2-016e-475b-bfc8-06950685aa41,Welfare as a Service-SIUSS-Alimentazione,Comune di Bassano del Grappa,96.0
3,Comuni,6,Altre Pubbliche Amministrazioni Centrali,,,,
3,Comuni,7,Regioni e Province Autonome,1f6f11ca-5b45-4d0f-9a9e-36a55be1626f,dati-mercatali-comune-torino,Comune di Torino,26.0
3,Comuni,2,Aziende sanitarie locali e Strutture di ricovero,,,,
3,Comuni,1,Altre Pubbliche Amministrazioni locali,,,,
3,Comuni,5,Province e Città Metropolitane,,,,
3,Comuni,9,Stazioni Appaltanti e Gestori di pubblici servizi,a490c39f-6984-41b8-a021-73d50c2b1c2b,Dati storici del cittadino,Comune di Montebelluna,32.0
3,Comuni,9,Stazioni Appaltanti e Gestori di pubblici servizi,6b0855b3-0c95-4ae9-b323-a148377c3ae7,Tributi Maggiori,Comune di Acireale,1.0
3,Comuni,9,Stazioni Appaltanti e Gestori di pubblici servizi,b3fe5ff9-0a67-493b-9011-3cd30f49570e,"Versamenti F24 IMU, TARI, TASI",Comune di Anzio,9.0
3,Comuni,9,Stazioni Appaltanti e Gestori di pubblici servizi,866adb9f-da9b-4f43-955d-d114408f6234,Dichiarazioni TARI,Comune di Anzio,32.0
3,Comuni,9,Stazioni Appaltanti e Gestori di pubblici servizi,21dacf5a-890a-42f3-a848-1482f7423dc3,Autorizzazioni Imposta Comunale sulla Pubblicità,Comune di Anzio,5.0
3,Comuni,9,Stazioni Appaltanti e Gestori di pubblici servizi,c0f4e136-faaa-4074-b6ae-04034ba396bc,Concessioni occupazioni suolo pubblico,Comune di Anzio,6.0
3,Comuni,11,Enti privati,,,,
3,Comuni,8,Scuole,,,,
3,Comuni,0,Totale,360e9ba0-d79f-4814-90bc-4603a7980cb5,SIUSS,Comune di Prato,81.0
3,Comuni,0,Totale,859dd827-6b5d-4389-8274-0201ef047f5b,Registrazione e consultazione protocollo,Comune di Nichelino,3175.0
3,Comuni,0,Totale,95b7fa5f-3bcb-49f2-833f-5762a8a55222,Consultazione Civici,Comune di Prato,1485.0
3,Comuni,0,Totale,a8940f05-d4e4-42a8-bf3d-51be74db7f00,PROT - Protocollo Informatico,Comune di Bergeggi,161.0
3,Comuni,0,Totale,3988e686-9e2b-459f-ad03-8488625f4947,Consultazione Eventi Comune di Benevento,Comune di Benevento,20262.0
3,Comuni,0,Totale,a0a31592-8598-46d3-be05-89330bf67c8a,Albo Pretorio,Comune di Senigallia,331.0
3,Comuni,0,Totale,e7967fed-f066-4164-9092-ee0cd44c836f,Consultazione Anagrafe Comunale degli Immobili,Comune di Prato,1789.0
3,Comuni,0,Totale,ee7986cb-91e3-4ef8-a912-42d052abe813,Consultazione Edifici,Comune di Prato,1605.0
3,Comuni,0,Totale,3ea3a239-8ec6-488a-b1fb-2634dc0bd97c,Interoperabilità protocollo tra AOO,Comune di Realmonte,362.0
3,Comuni,0,Totale,5ea0a7b2-016e-475b-bfc8-06950685aa41,Welfare as a Service-SIUSS-Alimentazione,Comune di Bassano del Grappa,96.0
4,Enti Nazionali di Previdenza ed Assistenza Sociale,12,Pubbliche Amministrazioni Centrali,9c59acc2-ab22-4958-87da-0c395332d452,CP-DettaglioPensioni,Istituto Nazionale Previdenza Sociale - INPS,4.0
4,Enti Nazionali di Previdenza ed Assistenza Sociale,12,Pubbliche Amministrazioni Centrali,16444299-2354-44c9-b587-bcb29ee29a0f,pdnd.mlps.tassi,Istituto Nazionale per l'Assicurazione contro gli Infortuni sul Lavoro - INAIL,6.0
4,Enti Nazionali di Previdenza ed Assistenza Sociale,12,Pubbliche Amministrazioni Centrali,34043187-434c-4bf9-94d7-49015fdea438,Certificazioni di diritto a pensione per MIM,Istituto Nazionale Previdenza Sociale - INPS,82.0
4,Enti Nazionali di Previdenza ed Assistenza Sociale,12,Pubbliche Amministrazioni Centrali,fc0160de-6db7-414b-805d-e3670394c107,Comunicazioni Obbligatorie,Istituto Nazionale Previdenza Sociale - INPS,62459.0
4,Enti Nazionali di Previdenza ed Assistenza Sociale,12,Pubbliche Amministrazioni Centrali,34cb9e8d-e7d2-45b9-9d15-1637899c855c,waas-consultazione-pensione-sociale,Istituto Nazionale Previdenza Sociale - INPS,1.0
4,Enti Nazionali di Previdenza ed Assistenza Sociale,12,Pubbliche Amministrazioni Centrali,19efdb32-dd4e-493e-8982-3d28f2e8be64,Consultazione DURC,Istituto Nazionale Previdenza Sociale - INPS,56548.0
4,Enti Nazionali di Previdenza ed Assistenza Sociale,12,Pubbliche Amministrazioni Centrali,f3e0578e-7ecb-4fa8-ac10-80e720132db7,DatiPersonaleAziende,Istituto Nazionale Previdenza Sociale - INPS,1052.0
4,Enti Nazionali di Previdenza ed Assistenza Sociale,12,Pubbliche Amministrazioni Centrali,27d0b921-bd8b-4c17-b5dd-761a6fff7cb8,comobb,Istituto Nazionale per l'Assicurazione contro gli Infortuni sul Lavoro - INAIL,93801.0
4,Enti Nazionali di Previdenza ed Assistenza Sociale,12,Pubbliche Amministrazioni Centrali,0ec6ca99-a816-4376-a1ba-91b7c3c9709d,CP-InfoPensioni,Istituto Nazionale Previdenza Sociale - INPS,6.0
4,Enti Nazionali di Previdenza ed Assistenza Sociale,12,Pubbliche Amministrazioni Centrali,14eba38f-9992-4fde-9551-654332078b16,waas-consultazione-buono-vacanze,Istituto Nazionale Previdenza Sociale - INPS,2.0
4,Enti Nazionali di Previdenza ed Assistenza Sociale,3,Comuni,34cb9e8d-e7d2-45b9-9d15-1637899c855c,waas-consultazione-pensione-sociale,Istituto Nazionale Previdenza Sociale - INPS,39.0
4,Enti Nazionali di Previdenza ed Assistenza Sociale,3,Comuni,19efdb32-dd4e-493e-8982-3d28f2e8be64,Consultazione DURC,Istituto Nazionale Previdenza Sociale - INPS,102.0
4,Enti Nazionali di Previdenza ed Assistenza Sociale,3,Comuni,843ac013-941a-4afe-8243-e668142e73e6,Consultazione Attestazione ISEE,Istituto Nazionale Previdenza Sociale - INPS,47935.0
4,Enti Nazionali di Previdenza ed Assistenza Sociale,3,Comuni,b78673b5-125e-4d74-b496-4c7d0911f0b2,Consultazione Indicatore Nucleo Riscontro ISEE,Istituto Nazionale Previdenza Sociale - INPS,56.0
4,Enti Nazionali di Previdenza ed Assistenza Sociale,3,Comuni,8ffc6245-0ab1-4e2e-8423-6e1a855c320a,Consultazione Indicatore ISEE,Istituto Nazionale Previdenza Sociale - INPS,2666.0
4,Enti Nazionali di Previdenza ed Assistenza Sociale,3,Comuni,6c0324cd-6095-4c93-9c74-d1141f3c3d6f,waas-consultazione-assegno-mensile,Istituto Nazionale Previdenza Sociale - INPS,27.0
4,Enti Nazionali di Previdenza ed Assistenza Sociale,3,Comuni,2303d392-6b30-462b-a9e6-6fe99498cc53,Consultazione Attestazione Residenti ISEE,Istituto Nazionale Previdenza Sociale - INPS,174833.0
4,Enti Nazionali di Previdenza ed Assistenza Sociale,3,Comuni,e2bbc0a8-2ca6-4fae-9a88-900a5c915c76,waas-consultazione-invalidita-civile,Istituto Nazionale Previdenza Sociale - INPS,37.0
4,Enti Nazionali di Previdenza ed Assistenza Sociale,3,Comuni,198ac93e-9b84-4f88-a663-b343025cebfe,Consultazione Attestazione ISEE Operatori,Istituto Nazionale Previdenza Sociale - INPS,34.0
4,Enti Nazionali di Previdenza ed Assistenza Sociale,3,Comuni,9d9fc812-0410-4ceb-a062-a987e3eb79fa,Consultazione Indicatore Residenti ISEE,Istituto Nazionale Previdenza Sociale - INPS,4506.0
4,Enti Nazionali di Previdenza ed Assistenza Sociale,10,Università e AFAM,843ac013-941a-4afe-8243-e668142e73e6,Consultazione Attestazione ISEE,Istituto Nazionale Previdenza Sociale - INPS,41410.0
4,Enti Nazionali di Previdenza ed Assistenza Sociale,10,Università e AFAM,b78673b5-125e-4d74-b496-4c7d0911f0b2,Consultazione Indicatore Nucleo Riscontro ISEE,Istituto Nazionale Previdenza Sociale - INPS,5.0
4,Enti Nazionali di Previdenza ed Assistenza Sociale,10,Università e AFAM,8ffc6245-0ab1-4e2e-8423-6e1a855c320a,Consultazione Indicatore ISEE,Istituto Nazionale Previdenza Sociale - INPS,771.0
4,Enti Nazionali di Previdenza ed Assistenza Sociale,4,Enti Nazionali di Previdenza ed Assistenza Sociale,,,,
4,Enti Nazionali di Previdenza ed Assistenza Sociale,6,Altre Pubbliche Amministrazioni Centrali,,,,
4,Enti Nazionali di Previdenza ed Assistenza Sociale,7,Regioni e Province Autonome,19efdb32-dd4e-493e-8982-3d28f2e8be64,Consultazione DURC,Istituto Nazionale Previdenza Sociale - INPS,1540.0
4,Enti Nazionali di Previdenza ed Assistenza Sociale,7,Regioni e Province Autonome,843ac013-941a-4afe-8243-e668142e73e6,Consultazione Attestazione ISEE,Istituto Nazionale Previdenza Sociale - INPS,17345.0
4,Enti Nazionali di Previdenza ed Assistenza Sociale,7,Regioni e Province Autonome,8ffc6245-0ab1-4e2e-8423-6e1a855c320a,Consultazione Indicatore ISEE,Istituto Nazionale Previdenza Sociale - INPS,47357.0
4,Enti Nazionali di Previdenza ed Assistenza Sociale,7,Regioni e Province Autonome,7950aa09-8155-4f8b-a882-22f3fe6d7d44,Consultazione Indicatore Riscontro ISEE,Istituto Nazionale Previdenza Sociale - INPS,11.0
4,Enti Nazionali di Previdenza ed Assistenza Sociale,2,Aziende sanitarie locali e Strutture di ricovero,,,,
4,Enti Nazionali di Previdenza ed Assistenza Sociale,1,Altre Pubbliche Amministrazioni locali,843ac013-941a-4afe-8243-e668142e73e6,Consultazione Attestazione ISEE,Istituto Nazionale Previdenza Sociale - INPS,30895.0
4,Enti Nazionali di Previdenza ed Assistenza Sociale,1,Altre Pubbliche Amministrazioni locali,e85c57f7-5d94-45ad-b88b-9e81dc837a62,Richiesta Certificato del Debito,Istituto Nazionale per l'Assicurazione contro gli Infortuni sul Lavoro - INAIL,63.0
4,Enti Nazionali di Previdenza ed Assistenza Sociale,1,Altre Pubbliche Amministrazioni locali,9a9c9296-bc56-4f55-a5c7-5c3d6275b1f1,Richieste CDC,Istituto Nazionale Previdenza Sociale - INPS,66.0
4,Enti Nazionali di Previdenza ed Assistenza Sociale,1,Altre Pubbliche Amministrazioni locali,2303d392-6b30-462b-a9e6-6fe99498cc53,Consultazione Attestazione Residenti ISEE,Istituto Nazionale Previdenza Sociale - INPS,10.0
4,Enti Nazionali di Previdenza ed Assistenza Sociale,5,Province e Città Metropolitane,,,,
4,Enti Nazionali di Previdenza ed Assistenza Sociale,9,Stazioni Appaltanti e Gestori di pubblici servizi,c8a660ab-7fe8-4f90-a88f-a91913f357d8,EDCperITWALLET,Istituto Nazionale Previdenza Sociale - INPS,101615.0
4,Enti Nazionali di Previdenza ed Assistenza Sociale,11,Enti privati,,,,
4,Enti Nazionali di Previdenza ed Assistenza Sociale,8,Scuole,,,,
4,Enti Nazionali di Previdenza ed Assistenza Sociale,0,Totale,34043187-434c-4bf9-94d7-49015fdea438,Certificazioni di diritto a pensione per MIM,Istituto Nazionale Previdenza Sociale - INPS,82.0
4,Enti Nazionali di Previdenza ed Assistenza Sociale,0,Totale,fc0160de-6db7-414b-805d-e3670394c107,Comunicazioni Obbligatorie,Istituto Nazionale Previdenza Sociale - INPS,62459.0
4,Enti Nazionali di Previdenza ed Assistenza Sociale,0,Totale,19efdb32-dd4e-493e-8982-3d28f2e8be64,Consultazione DURC,Istituto Nazionale Previdenza Sociale - INPS,58190.0
4,Enti Nazionali di Previdenza ed Assistenza Sociale,0,Totale,843ac013-941a-4afe-8243-e668142e73e6,Consultazione Attestazione ISEE,Istituto Nazionale Previdenza Sociale - INPS,137585.0
4,Enti Nazionali di Previdenza ed Assistenza Sociale,0,Totale,f3e0578e-7ecb-4fa8-ac10-80e720132db7,DatiPersonaleAziende,Istituto Nazionale Previdenza Sociale - INPS,1052.0
4,Enti Nazionali di Previdenza ed Assistenza Sociale,0,Totale,8ffc6245-0ab1-4e2e-8423-6e1a855c320a,Consultazione Indicatore ISEE,Istituto Nazionale Previdenza Sociale - INPS,50794.0
4,Enti Nazionali di Previdenza ed Assistenza Sociale,0,Totale,2303d392-6b30-462b-a9e6-6fe99498cc53,Consultazione Attestazione Residenti ISEE,Istituto Nazionale Previdenza Sociale - INPS,174843.0
4,Enti Nazionali di Previdenza ed Assistenza Sociale,0,Totale,c8a660ab-7fe8-4f90-a88f-a91913f357d8,EDCperITWALLET,Istituto Nazionale Previdenza Sociale - INPS,101615.0
4,Enti Nazionali di Previdenza ed Assistenza Sociale,0,Totale,27d0b921-bd8b-4c17-b5dd-761a6fff7cb8,comobb,Istituto Nazionale per l'Assicurazione contro gli Infortuni sul Lavoro - INAIL,93801.0
4,Enti Nazionali di Previdenza ed Assistenza Sociale,0,Totale,9d9fc812-0410-4ceb-a062-a987e3eb79fa,Consultazione Indicatore Residenti ISEE,Istituto Nazionale Previdenza Sociale - INPS,4506.0
6,Altre Pubbliche Amministrazioni Centrali,12,Pubbliche Amministrazioni Centrali,ae084215-94e7-40b9-9728-8e57b315d1aa,Abilitazioni Servizi Lavoro MLPS,Ispettorato Nazionale del Lavoro,100.0
6,Altre Pubbliche Amministrazioni Centrali,12,Pubbliche Amministrazioni Centrali,9f35bb89-c5db-4e8e-9dc7-6782384fdc91,Lettura dati dal PNS,Ispettorato Nazionale del Lavoro,3039.0
6,Altre Pubbliche Amministrazioni Centrali,12,Pubbliche Amministrazioni Centrali,326628e1-dd72-4b61-8dde-4f8f97108219,Rendis,Istituto Superiore per la Protezione e la Ricerca Ambientale,60.0
6,Altre Pubbliche Amministrazioni Centrali,12,Pubbliche Amministrazioni Centrali,94bf40e9-9d1a-4699-ac5d-073e30c40f36,Ottieni Documenti di Trasporto,Agenzia per le Erogazioni in Agricoltura - AGEA,27175.0
6,Altre Pubbliche Amministrazioni Centrali,12,Pubbliche Amministrazioni Centrali,722caa4b-1410-445b-b8ae-c9c79acaff34,CNF-CheckAvv,Consiglio Nazionale Forense,124165.0
6,Altre Pubbliche Amministrazioni Centrali,12,Pubbliche Amministrazioni Centrali,1738119b-9bd1-42ae-838b-2a8ad24932e9,Consultazione visura veicolo per targa - PRA (C001),Automobile Club d'Italia,16.0
6,Altre Pubbliche Amministrazioni Centrali,12,Pubbliche Amministrazioni Centrali,c1c95f20-6f93-41b5-8c3e-a29d27a03b90,Invio dati al PNS,Ispettorato Nazionale del Lavoro,59176.0
6,Altre Pubbliche Amministrazioni Centrali,3,Comuni,,,,
6,Altre Pubbliche Amministrazioni Centrali,10,Università e AFAM,,,,
6,Altre Pubbliche Amministrazioni Centrali,4,Enti Nazionali di Previdenza ed Assistenza Sociale,9f35bb89-c5db-4e8e-9dc7-6782384fdc91,Lettura dati dal PNS,Ispettorato Nazionale del Lavoro,1824.0
6,Altre Pubbliche Amministrazioni Centrali,4,Enti Nazionali di Previdenza ed Assistenza Sociale,fa6fb7f6-5544-4a3a-9c3b-9b29d68920ac,Ottieni Ultima Scheda di Validazione,Agenzia per le Erogazioni in Agricoltura - AGEA,2628.0
6,Altre Pubbliche Amministrazioni Centrali,4,Enti Nazionali di Previdenza ed Assistenza Sociale,c1c95f20-6f93-41b5-8c3e-a29d27a03b90,Invio dati al PNS,Ispettorato Nazionale del Lavoro,11351.0
6,Altre Pubbliche Amministrazioni Centrali,6,Altre Pubbliche Amministrazioni Centrali,507575d6-3fec-415b-9a75-53a3b83c26e6,GESTIONE ANAGRAFICHE MEDICI,Federazione Nazionale degli Ordini dei Medici Chirurghi e degli Odontoiatri,5593.0
6,Altre Pubbliche Amministrazioni Centrali,6,Altre Pubbliche Amministrazioni Centrali,cd0ae962-cdc2-4ef6-9cc6-c31c6f95d39b,Pollini,Istituto Superiore per la Protezione e la Ricerca Ambientale,4.0
6,Altre Pubbliche Amministrazioni Centrali,6,Altre Pubbliche Amministrazioni Centrali,b7d34305-19a9-4705-a94c-a746915b5beb,Ottieni Dati Terreni Fascicolo Aziendale,Agenzia per le Erogazioni in Agricoltura - AGEA,20.0
6,Altre Pubbliche Amministrazioni Centrali,6,Altre Pubbliche Amministrazioni Centrali,91bec0fb-e198-47a2-ab63-d31e0ac4aadc,IdroGEO,Istituto Superiore per la Protezione e la Ricerca Ambientale,13.0
6,Altre Pubbliche Amministrazioni Centrali,6,Altre Pubbliche Amministrazioni Centrali,326628e1-dd72-4b61-8dde-4f8f97108219,Rendis,Istituto Superiore per la Protezione e la Ricerca Ambientale,134.0
6,Altre Pubbliche Amministrazioni Centrali,6,Altre Pubbliche Amministrazioni Centrali,05d9d14b-0696-48ad-b602-404fc044b30d,Qualità dell'aria,Istituto Superiore per la Protezione e la Ricerca Ambientale,6.0
6,Altre Pubbliche Amministrazioni Centrali,6,Altre Pubbliche Amministrazioni Centrali,9a597700-a52f-45dc-b9d8-47e745702e44,Invio incidenti stradali,Istituto Nazionale di Statistica - ISTAT,6.0
6,Altre Pubbliche Amministrazioni Centrali,6,Altre Pubbliche Amministrazioni Centrali,6f5ca134-c8bd-4a4f-93b2-ebe7cba8ba69,GESTIONE ANAGRAFICHE ODONTOIATRI,Federazione Nazionale degli Ordini dei Medici Chirurghi e degli Odontoiatri,57.0
6,Altre Pubbliche Amministrazioni Centrali,6,Altre Pubbliche Amministrazioni Centrali,c1c95f20-6f93-41b5-8c3e-a29d27a03b90,Invio dati al PNS,Ispettorato Nazionale del Lavoro,6.0
6,Altre Pubbliche Amministrazioni Centrali,6,Altre Pubbliche Amministrazioni Centrali,bff06aa2-80ad-4166-bf23-de127b2025f9,Verifica iscrizione medico (FMED-01),Federazione Nazionale degli Ordini dei Medici Chirurghi e degli Odontoiatri,26.0
6,Altre Pubbliche Amministrazioni Centrali,7,Regioni e Province Autonome,,,,
6,Altre Pubbliche Amministrazioni Centrali,2,Aziende sanitarie locali e Strutture di ricovero,,,,
6,Altre Pubbliche Amministrazioni Centrali,1,Altre Pubbliche Amministrazioni locali,,,,
6,Altre Pubbliche Amministrazioni Centrali,5,Province e Città Metropolitane,,,,
6,Altre Pubbliche Amministrazioni Centrali,9,Stazioni Appaltanti e Gestori di pubblici servizi,,,,
6,Altre Pubbliche Amministrazioni Centrali,11,Enti privati,,,,
6,Altre Pubbliche Amministrazioni Centrali,8,Scuole,,,,
6,Altre Pubbliche Amministrazioni Centrali,0,Totale,507575d6-3fec-415b-9a75-53a3b83c26e6,GESTIONE ANAGRAFICHE MEDICI,Federazione Nazionale degli Ordini dei Medici Chirurghi e degli Odontoiatri,5593.0
6,Altre Pubbliche Amministrazioni Centrali,0,Totale,ae084215-94e7-40b9-9728-8e57b315d1aa,Abilitazioni Servizi Lavoro MLPS,Ispettorato Nazionale del Lavoro,100.0
6,Altre Pubbliche Amministrazioni Centrali,0,Totale,9f35bb89-c5db-4e8e-9dc7-6782384fdc91,Lettura dati dal PNS,Ispettorato Nazionale del Lavoro,4863.0
6,Altre Pubbliche Amministrazioni Centrali,0,Totale,326628e1-dd72-4b61-8dde-4f8f97108219,Rendis,Istituto Superiore per la Protezione e la Ricerca Ambientale,194.0
6,Altre Pubbliche Amministrazioni Centrali,0,Totale,94bf40e9-9d1a-4699-ac5d-073e30c40f36,Ottieni Documenti di Trasporto,Agenzia per le Erogazioni in Agricoltura - AGEA,27175.0
6,Altre Pubbliche Amministrazioni Centrali,0,Totale,722caa4b-1410-445b-b8ae-c9c79acaff34,CNF-CheckAvv,Consiglio Nazionale Forense,124165.0
6,Altre Pubbliche Amministrazioni Centrali,0,Totale,fa6fb7f6-5544-4a3a-9c3b-9b29d68920ac,Ottieni Ultima Scheda di Validazione,Agenzia per le Erogazioni in Agricoltura - AGEA,2628.0
6,Altre Pubbliche Amministrazioni Centrali,0,Totale,6f5ca134-c8bd-4a4f-93b2-ebe7cba8ba69,GESTIONE ANAGRAFICHE ODONTOIATRI,Federazione Nazionale degli Ordini dei Medici Chirurghi e degli Odontoiatri,57.0
6,Altre Pubbliche Amministrazioni Centrali,0,Totale,c1c95f20-6f93-41b5-8c3e-a29d27a03b90,Invio dati al PNS,Ispettorato Nazionale del Lavoro,70533.0
6,Altre Pubbliche Amministrazioni Centrali,0,Totale,bff06aa2-80ad-4166-bf23-de127b2025f9,Verifica iscrizione medico (FMED-01),Federazione Nazionale degli Ordini dei Medici Chirurghi e degli Odontoiatri,26.0
7,Regioni e Province Autonome,12,Pubbliche Amministrazioni Centrali,d9ec11c5-7d76-454f-a8dc-f6ec045dea00,CO UNIPI Regione Liguria,Regione Liguria,1141.0
7,Regioni e Province Autonome,12,Pubbliche Amministrazioni Centrali,ab4b3587-36f9-4ba8-a598-5557ba3836de,RM-CO-001 Comunicazioni obbligatorie Regione Marche,Regione Marche,3265.0
7,Regioni e Province Autonome,12,Pubbliche Amministrazioni Centrali,c70afd91-af05-44d2-bfd9-0de33bd4f069,Comunicazioni Obbligatorie UNISOMM Regione Piemonte,Regione Piemonte,1433.0
7,Regioni e Province Autonome,12,Pubbliche Amministrazioni Centrali,f165cf00-7d53-45db-9c86-69fa9f822400,CO VARDATORI Regione Liguria,Regione Liguria,4293.0
7,Regioni e Province Autonome,12,Pubbliche Amministrazioni Centrali,b55e0876-1e49-49dc-8729-6288091d76e5,Comunicazioni Obbligatorie VARDATORI Regione Piemonte,Regione Piemonte,1428.0
7,Regioni e Province Autonome,12,Pubbliche Amministrazioni Centrali,2b8703f2-6b5f-4249-99c1-f5e760d7465a,Comunicazioni Obbligatorie UNIPI Regione Piemonte,Regione Piemonte,488.0
7,Regioni e Province Autonome,12,Pubbliche Amministrazioni Centrali,859d97c8-f84e-4d0c-ade0-c359ac5ee4ae,CO UNILAV Regione Liguria,Regione Liguria,22902.0
7,Regioni e Province Autonome,12,Pubbliche Amministrazioni Centrali,b2971f59-7659-4060-8e83-edf0fd5e396d,CO UNISOMM Regione Liguria,Regione Liguria,5552.0
7,Regioni e Province Autonome,12,Pubbliche Amministrazioni Centrali,d068b30a-ceef-4e50-a2ac-3c4624ae66ac,ComObblWS,Regione Toscana,3464.0
7,Regioni e Province Autonome,12,Pubbliche Amministrazioni Centrali,0e578ff4-ff2b-41ea-9ddf-96b517ad3e30,Comunicazioni Obbligatorie UNILAV Regione Piemonte,Regione Piemonte,3405.0
7,Regioni e Province Autonome,3,Comuni,b0d8d387-b610-4083-95ae-9ff5037f1fba,ICEF indicatore famiglia con nucleo,Provincia Autonoma di Trento,46942.0
7,Regioni e Province Autonome,3,Comuni,a1bb6472-a785-4ac1-9e9d-67ee0b9abf40,RL-Sigmater Consultazione UIU,Regione Liguria,11.0
7,Regioni e Province Autonome,10,Università e AFAM,,,,
7,Regioni e Province Autonome,4,Enti Nazionali di Previdenza ed Assistenza Sociale,,,,
7,Regioni e Province Autonome,6,Altre Pubbliche Amministrazioni Centrali,1823b71c-5244-4d3d-8a68-5b16ddcd23ca,Consultazione Atti di Dissesto - ISPRARVE,Regione del Veneto,6.0
7,Regioni e Province Autonome,7,Regioni e Province Autonome,9571e76f-b122-4294-be40-17137623335f,RC009 - Consultaz. stato istanza autorizzazione macrocateg,Regione Campania,14.0
7,Regioni e Province Autonome,7,Regioni e Province Autonome,f963cc22-a59d-43ed-a8cf-4c31c0455321,Ricerca listini impianti e erogazione carburanti,Regione Autonoma Friuli-Venezia Giulia,13.0
7,Regioni e Province Autonome,7,Regioni e Province Autonome,8d62b681-efd9-4620-b614-bd29100d053c,RC020 - Consultazione ultime ispezioni e verifiche di opere,Regione Campania,14.0
7,Regioni e Province Autonome,7,Regioni e Province Autonome,97490e6f-cbb0-4e41-8cac-7ff967723564,RC019 - Consultazione stato opere d'arte complessivo,Regione Campania,11.0
7,Regioni e Province Autonome,7,Regioni e Province Autonome,14b94ab5-587b-4dc8-a16c-8205603f678e,RC008 - Consultazione graduatorie PLS,Regione Campania,10.0
7,Regioni e Province Autonome,7,Regioni e Province Autonome,f2ba8fc6-8f70-4d27-9718-06bc2d10c673,RC002 - Consultazione Catalogo dei Servizi Digitali,Regione Campania,14.0
7,Regioni e Province Autonome,7,Regioni e Province Autonome,0a86f1f2-df17-4918-ad7e-5a8306dd5ce9,RC011 - Consultazione elenco centri prescrittori,Regione Campania,11.0
7,Regioni e Province Autonome,7,Regioni e Province Autonome,66ae818b-28d5-4508-a700-d8815d477e24,RC003 - Consultazione Discariche abusive,Regione Campania,20.0
7,Regioni e Province Autonome,7,Regioni e Province Autonome,aedc6fc5-e65d-4be3-8048-1ae095477298,RM-TUR-003 Elenco accompagnatori turistici,Regione Marche,14.0
7,Regioni e Province Autonome,7,Regioni e Province Autonome,d7b622e9-271a-4154-ae08-f0bf6defd722,RC001 - Consultazione Incendi Boschivi,Regione Campania,17.0
7,Regioni e Province Autonome,2,Aziende sanitarie locali e Strutture di ricovero,,,,
7,Regioni e Province Autonome,1,Altre Pubbliche Amministrazioni locali,,,,
7,Regioni e Province Autonome,5,Province e Città Metropolitane,,,,
7,Regioni e Province Autonome,9,Stazioni Appaltanti e Gestori di pubblici servizi,,,,
7,Regioni e Province Autonome,11,Enti privati,,,,
7,Regioni e Province Autonome,8,Scuole,,,,
7,Regioni e Province Autonome,0,Totale,d9ec11c5-7d76-454f-a8dc-f6ec045dea00,CO UNIPI Regione Liguria,Regione Liguria,1141.0
7,Regioni e Province Autonome,0,Totale,ab4b3587-36f9-4ba8-a598-5557ba3836de,RM-CO-001 Comunicazioni obbligatorie Regione Marche,Regione Marche,3265.0
7,Regioni e Province Autonome,0,Totale,c70afd91-af05-44d2-bfd9-0de33bd4f069,Comunicazioni Obbligatorie UNISOMM Regione Piemonte,Regione Piemonte,1433.0
7,Regioni e Province Autonome,0,Totale,f165cf00-7d53-45db-9c86-69fa9f822400,CO VARDATORI Regione Liguria,Regione Liguria,4293.0
7,Regioni e Province Autonome,0,Totale,b55e0876-1e49-49dc-8729-6288091d76e5,Comunicazioni Obbligatorie VARDATORI Regione Piemonte,Regione Piemonte,1428.0
7,Regioni e Province Autonome,0,Totale,b0d8d387-b610-4083-95ae-9ff5037f1fba,ICEF indicatore famiglia con nucleo,Provincia Autonoma di Trento,46942.0
7,Regioni e Province Autonome,0,Totale,859d97c8-f84e-4d0c-ade0-c359ac5ee4ae,CO UNILAV Regione Liguria,Regione Liguria,22902.0
7,Regioni e Province Autonome,0,Totale,b2971f59-7659-4060-8e83-edf0fd5e396d,CO UNISOMM Regione Liguria,Regione Liguria,5552.0
7,Regioni e Province Autonome,0,Totale,d068b30a-ceef-4e50-a2ac-3c4624ae66ac,ComObblWS,Regione Toscana,3464.0
7,Regioni e Province Autonome,0,Totale,0e578ff4-ff2b-41ea-9ddf-96b517ad3e30,Comunicazioni Obbligatorie UNILAV Regione Piemonte,Regione Piemonte,3405.0
9,Stazioni Appaltanti e Gestori di pubblici servizi,12,Pubbliche Amministrazioni Centrali,cfc8a94d-001a-4ab6-bb5c-2509b2a68af1,SEND - Servizio Notifiche Digitali,PagoPa S.p.A.,187626.0
9,Stazioni Appaltanti e Gestori di pubblici servizi,12,Pubbliche Amministrazioni Centrali,baa29c72-3b59-4827-9018-e12670eb6877,Documenti su IO - notifiche Patente,Istituto Poligrafico e Zecca dello Stato S.P.A.,72814.0
9,Stazioni Appaltanti e Gestori di pubblici servizi,3,Comuni,cfc8a94d-001a-4ab6-bb5c-2509b2a68af1,SEND - Servizio Notifiche Digitali,PagoPa S.p.A.,186543027.0
9,Stazioni Appaltanti e Gestori di pubblici servizi,10,Università e AFAM,cfc8a94d-001a-4ab6-bb5c-2509b2a68af1,SEND - Servizio Notifiche Digitali,PagoPa S.p.A.,3228.0
9,Stazioni Appaltanti e Gestori di pubblici servizi,4,Enti Nazionali di Previdenza ed Assistenza Sociale,,,,
9,Stazioni Appaltanti e Gestori di pubblici servizi,6,Altre Pubbliche Amministrazioni Centrali,cfc8a94d-001a-4ab6-bb5c-2509b2a68af1,SEND - Servizio Notifiche Digitali,PagoPa S.p.A.,41155.0
9,Stazioni Appaltanti e Gestori di pubblici servizi,7,Regioni e Province Autonome,cfc8a94d-001a-4ab6-bb5c-2509b2a68af1,SEND - Servizio Notifiche Digitali,PagoPa S.p.A.,10860.0
9,Stazioni Appaltanti e Gestori di pubblici servizi,2,Aziende sanitarie locali e Strutture di ricovero,cfc8a94d-001a-4ab6-bb5c-2509b2a68af1,SEND - Servizio Notifiche Digitali,PagoPa S.p.A.,30460.0
9,Stazioni Appaltanti e Gestori di pubblici servizi,1,Altre Pubbliche Amministrazioni locali,cfc8a94d-001a-4ab6-bb5c-2509b2a68af1,SEND - Servizio Notifiche Digitali,PagoPa S.p.A.,2062229.0
9,Stazioni Appaltanti e Gestori di pubblici servizi,5,Province e Città Metropolitane,cfc8a94d-001a-4ab6-bb5c-2509b2a68af1,SEND - Servizio Notifiche Digitali,PagoPa S.p.A.,113787.0
9,Stazioni Appaltanti e Gestori di pubblici servizi,9,Stazioni Appaltanti e Gestori di pubblici servizi,cfc8a94d-001a-4ab6-bb5c-2509b2a68af1,SEND - Servizio Notifiche Digitali,PagoPa S.p.A.,36823644.0
9,Stazioni Appaltanti e Gestori di pubblici servizi,9,Stazioni Appaltanti e Gestori di pubblici servizi,dc9cdf88-1696-4b90-b29e-c116cc0f8c24,SEND - solo per SCP (Società a controllo pubblico),PagoPa S.p.A.,2821863.0
9,Stazioni Appaltanti e Gestori di pubblici servizi,9,Stazioni Appaltanti e Gestori di pubblici servizi,8e1c9955-e779-43a2-9035-418bcf820847,Consultazione statistiche infrastrutturali - SINFI,"INFRASTRUTTURE E TELECOMUNICAZIONI PER L'ITALIA S.P.A IN FORMA ABBREVIATA ""INFRATEL ITALIA S.P.A.""",115.0
9,Stazioni Appaltanti e Gestori di pubblici servizi,9,Stazioni Appaltanti e Gestori di pubblici servizi,6f0c463b-5f4f-4919-a783-6fbed90e9f24,Pubblicazione mappe infrastrutturali (WMS) - SINFI,"INFRASTRUTTURE E TELECOMUNICAZIONI PER L'ITALIA S.P.A IN FORMA ABBREVIATA ""INFRATEL ITALIA S.P.A.""",34.0
9,Stazioni Appaltanti e Gestori di pubblici servizi,9,Stazioni Appaltanti e Gestori di pubblici servizi,2e51b472-6546-4358-8049-d6fec52955e8,Conferimento dati infrastrutturali - SINFI,"INFRASTRUTTURE E TELECOMUNICAZIONI PER L'ITALIA S.P.A IN FORMA ABBREVIATA ""INFRATEL ITALIA S.P.A.""",4.0
9,Stazioni Appaltanti e Gestori di pubblici servizi,9,Stazioni Appaltanti e Gestori di pubblici servizi,1e9d3cd6-0433-4328-a5ab-fdf65f40d852,Documenti su IO - Statistiche andamento servizio,Istituto Poligrafico e Zecca dello Stato S.P.A.,185.0
9,Stazioni Appaltanti e Gestori di pubblici servizi,11,Enti privati,,,,
9,Stazioni Appaltanti e Gestori di pubblici servizi,8,Scuole,,,,
9,Stazioni Appaltanti e Gestori di pubblici servizi,0,Totale,cfc8a94d-001a-4ab6-bb5c-2509b2a68af1,SEND - Servizio Notifiche Digitali,PagoPa S.p.A.,225816016.0
9,Stazioni Appaltanti e Gestori di pubblici servizi,0,Totale,dc9cdf88-1696-4b90-b29e-c116cc0f8c24,SEND - solo per SCP (Società a controllo pubblico),PagoPa S.p.A.,2821863.0
9,Stazioni Appaltanti e Gestori di pubblici servizi,0,Totale,8e1c9955-e779-43a2-9035-418bcf820847,Consultazione statistiche infrastrutturali - SINFI,"INFRASTRUTTURE E TELECOMUNICAZIONI PER L'ITALIA S.P.A IN FORMA ABBREVIATA ""INFRATEL ITALIA S.P.A.""",115.0
9,Stazioni Appaltanti e Gestori di pubblici servizi,0,Totale,6f0c463b-5f4f-4919-a783-6fbed90e9f24,Pubblicazione mappe infrastrutturali (WMS) - SINFI,"INFRASTRUTTURE E TELECOMUNICAZIONI PER L'ITALIA S.P.A IN FORMA ABBREVIATA ""INFRATEL ITALIA S.P.A.""",34.0
9,Stazioni Appaltanti e Gestori di pubblici servizi,0,Totale,2e51b472-6546-4358-8049-d6fec52955e8,Conferimento dati infrastrutturali - SINFI,"INFRASTRUTTURE E TELECOMUNICAZIONI PER L'ITALIA S.P.A IN FORMA ABBREVIATA ""INFRATEL ITALIA S.P.A.""",4.0
9,Stazioni Appaltanti e Gestori di pubblici servizi,0,Totale,1e9d3cd6-0433-4328-a5ab-fdf65f40d852,Documenti su IO - Statistiche andamento servizio,Istituto Poligrafico e Zecca dello Stato S.P.A.,185.0
9,Stazioni Appaltanti e Gestori di pubblici servizi,0,Totale,baa29c72-3b59-4827-9018-e12670eb6877,Documenti su IO - notifiche Patente,Istituto Poligrafico e Zecca dello Stato S.P.A.,72814.0
10,Università e AFAM,12,Pubbliche Amministrazioni Centrali,8649329a-8590-43b4-97b0-9b7edfe70d9f,Consultazione variazioni iscrizioni accademiche (IFS06),Conservatorio Statale di Musica G. Frescobaldi,34.0
10,Università e AFAM,12,Pubbliche Amministrazioni Centrali,6a97b53e-ac4e-4a9e-a555-46e2c4acaf2e,Consultazione variazioni titoli accademici (IFS07),Istituto Superiore per Le Industrie Artistiche di Firenze,74.0
10,Università e AFAM,12,Pubbliche Amministrazioni Centrali,738883e1-7916-41db-a29d-c9c4c86088d9,Consultazione variazioni iscrizioni accademiche (IFS06),Accademia di Belle Arti di Roma,43.0
10,Università e AFAM,12,Pubbliche Amministrazioni Centrali,8e1b332c-cf06-4525-b2bd-c4f0f5a75cf1,Consultazione variazioni titoli accademici (IFS07),Conservatorio Statale di Musica G. Frescobaldi,34.0
10,Università e AFAM,12,Pubbliche Amministrazioni Centrali,07e470d4-7232-4685-88ab-3dcd21821565,Consultazione variazioni titoli accademici (IFS07),Accademia di Belle Arti di Roma,39.0
10,Università e AFAM,12,Pubbliche Amministrazioni Centrali,c8928cd7-61da-4ec7-a19c-08c6775bf7fb,Consultazione iscrizioni accademiche (IFS02),Accademia di Belle Arti di Roma,49.0
10,Università e AFAM,12,Pubbliche Amministrazioni Centrali,3a4cf370-e356-43ad-b584-99db85413c17,Consultazione variazioni titoli accademici (IFS07),"Accademia di Belle Arti ""Pietro Vannucci""",127.0
10,Università e AFAM,12,Pubbliche Amministrazioni Centrali,8c84f5ec-59a5-4f19-9245-f00cfee2fb6b,Consultazione variazioni iscrizioni accademiche (IFS06),Conservatorio di Musica di Stato Alessandro Scarlatti,184.0
10,Università e AFAM,12,Pubbliche Amministrazioni Centrali,dd43b7ae-22af-46cd-b0df-a3854681741e,Consultazione titoli accademici (IFS03),Accademia di Belle Arti di Roma,55.0
10,Università e AFAM,12,Pubbliche Amministrazioni Centrali,beb83231-2aed-4f50-8133-f355f4e652cc,Consultazione variazioni iscrizioni accademiche (IFS06),Istituto Superiore per Le Industrie Artistiche di Pescara,128.0
10,Università e AFAM,3,Comuni,,,,
10,Università e AFAM,10,Università e AFAM,68d133fc-f21f-48d1-9b03-db72675b4925,Consultazione iscrizioni accademiche (IFS02),Universita' degli Studi di Palermo,4213.0
10,Università e AFAM,10,Università e AFAM,d37d8c8b-193f-4333-a50f-6127519aad0c,Consultazione titoli accademici (IFS03),Universita Degli Studi di Milano,3188.0
10,Università e AFAM,10,Università e AFAM,3e9012a3-1ca5-4960-9001-318587d07a09,Consultazione numero iscritti a un corso di studi (IFS09),Universita' degli Studi di Palermo,4234.0
10,Università e AFAM,10,Università e AFAM,54773b04-e50d-4ba9-93ec-4f51c9096084,Consultazione offerta formativa (IFS01),Conservatorio di Musica U. Giordano,368.0
10,Università e AFAM,10,Università e AFAM,c3b3d028-3b66-4dd5-9517-0fd504471433,Consultazione variazioni titoli accademici (IFS07),Universita' degli Studi di Palermo,4231.0
10,Università e AFAM,10,Università e AFAM,3365dfc2-fd5a-4fa3-99f0-ff43ffb5491b,Consultazione titoli accademici (IFS03),Universita' degli Studi di Palermo,4234.0
10,Università e AFAM,10,Università e AFAM,d5ddfba1-4c23-4549-b923-6442688351e8,Consultazione offerta formativa (IFS01),Universita' degli Studi di Palermo,4141.0
10,Università e AFAM,10,Università e AFAM,06dc337f-0d99-4743-a521-5e5f957e0b32,Consultazione variazioni iscrizioni accademiche (IFS06),Universita' degli Studi di Palermo,4234.0
10,Università e AFAM,10,Università e AFAM,1845681e-1dbd-4b12-a354-44d4c36c2392,Consultazione offerta formativa (IFS01),Conservatorio di Musica di Castelfranco Veneto,184.0
10,Università e AFAM,10,Università e AFAM,562d1d0a-7471-40d2-bb85-bc56c5a555bd,Consultazione numero iscritti per fasce ISEE (IFS08),Universita' degli Studi di Palermo,4233.0
10,Università e AFAM,4,Enti Nazionali di Previdenza ed Assistenza Sociale,,,,
10,Università e AFAM,6,Altre Pubbliche Amministrazioni Centrali,,,,
10,Università e AFAM,7,Regioni e Province Autonome,,,,
10,Università e AFAM,2,Aziende sanitarie locali e Strutture di ricovero,,,,
10,Università e AFAM,1,Altre Pubbliche Amministrazioni locali,,,,
10,Università e AFAM,5,Province e Città Metropolitane,,,,
10,Università e AFAM,9,Stazioni Appaltanti e Gestori di pubblici servizi,,,,
10,Università e AFAM,11,Enti privati,,,,
10,Università e AFAM,8,Scuole,,,,
10,Università e AFAM,0,Totale,68d133fc-f21f-48d1-9b03-db72675b4925,Consultazione iscrizioni accademiche (IFS02),Universita' degli Studi di Palermo,4213.0
10,Università e AFAM,0,Totale,d37d8c8b-193f-4333-a50f-6127519aad0c,Consultazione titoli accademici (IFS03),Universita Degli Studi di Milano,3188.0
10,Università e AFAM,0,Totale,3e9012a3-1ca5-4960-9001-318587d07a09,Consultazione numero iscritti a un corso di studi (IFS09),Universita' degli Studi di Palermo,4234.0
10,Università e AFAM,0,Totale,54773b04-e50d-4ba9-93ec-4f51c9096084,Consultazione offerta formativa (IFS01),Conservatorio di Musica U. Giordano,368.0
10,Università e AFAM,0,Totale,c3b3d028-3b66-4dd5-9517-0fd504471433,Consultazione variazioni titoli accademici (IFS07),Universita' degli Studi di Palermo,4231.0
10,Università e AFAM,0,Totale,3365dfc2-fd5a-4fa3-99f0-ff43ffb5491b,Consultazione titoli accademici (IFS03),Universita' degli Studi di Palermo,4243.0
10,Università e AFAM,0,Totale,d5ddfba1-4c23-4549-b923-6442688351e8,Consultazione offerta formativa (IFS01),Universita' degli Studi di Palermo,4141.0
10,Università e AFAM,0,Totale,06dc337f-0d99-4743-a521-5e5f957e0b32,Consultazione variazioni iscrizioni accademiche (IFS06),Universita' degli Studi di Palermo,4234.0
10,Università e AFAM,0,Totale,1845681e-1dbd-4b12-a354-44d4c36c2392,Consultazione offerta formativa (IFS01),Conservatorio di Musica di Castelfranco Veneto,184.0
10,Università e AFAM,0,Totale,562d1d0a-7471-40d2-bb85-bc56c5a555bd,Consultazione numero iscritti per fasce ISEE (IFS08),Universita' degli Studi di Palermo,4233.0
12,Pubbliche Amministrazioni Centrali,12,Pubbliche Amministrazioni Centrali,6ee0e5c9-1382-40fc-ad1b-2f185abec256,C019-servizioAccertamentoEsistenzaVita,Ministero dell'Interno,1614908.0
12,Pubbliche Amministrazioni Centrali,12,Pubbliche Amministrazioni Centrali,a9305611-005c-4604-a57e-2968c9708e4a,C032-servizioAccertamentoElettorale,Ministero dell'Interno,1145752.0
12,Pubbliche Amministrazioni Centrali,12,Pubbliche Amministrazioni Centrali,463cf9fe-9d72-463e-922d-e200ba45fdae,ANIST - Accertamento Frequenze,Ministero dell'istruzione e del merito,549858.0
12,Pubbliche Amministrazioni Centrali,12,Pubbliche Amministrazioni Centrali,12d5ff12-7894-4c89-bbfc-033418fb1e38,C030-servizioAccertamentoIdUnicoNazionale-approvazione_autom,Ministero dell'Interno,601470.0
12,Pubbliche Amministrazioni Centrali,12,Pubbliche Amministrazioni Centrali,78fd67d2-a23e-46f4-8ff0-734c04b54feb,ANIST - Accertamento Titoli,Ministero dell'istruzione e del merito,1006590.0
12,Pubbliche Amministrazioni Centrali,12,Pubbliche Amministrazioni Centrali,06a2d800-1f5f-46d0-8602-d1ed7eabedf6,ANIS - Consultazione Iscrizioni [IFS02],MINISTERO DELL'UNIVERSITA' E DELLA RICERCA,556309.0
12,Pubbliche Amministrazioni Centrali,12,Pubbliche Amministrazioni Centrali,c0db9916-d66a-4dc5-8ffc-c1e268e20cc4,VCF1 - Verifica Booleana Codice Fiscale ,Agenzia delle Entrate,385535.0
12,Pubbliche Amministrazioni Centrali,12,Pubbliche Amministrazioni Centrali,c3718b5a-510c-4f8b-9195-4ca58478e733,ANS - IFS02 - Academic enrollments,MINISTERO DELL'UNIVERSITA' E DELLA RICERCA,7469019.0
12,Pubbliche Amministrazioni Centrali,12,Pubbliche Amministrazioni Centrali,69abfe02-3e83-4b10-82ae-8af6b9aedc7c,ANS - IFS03 - Academic qualification degrees,MINISTERO DELL'UNIVERSITA' E DELLA RICERCA,9109339.0
12,Pubbliche Amministrazioni Centrali,12,Pubbliche Amministrazioni Centrali,b943e5ed-1cdc-4010-8bd7-da6ee221b923,ANIS - Consultazione Titoli [IFS03],MINISTERO DELL'UNIVERSITA' E DELLA RICERCA,1043602.0
12,Pubbliche Amministrazioni Centrali,3,Comuni,a308cad0-9bf2-4346-954e-6dde312f9e16,C018-servizioAccertamentoCittadinanza-approvazione_automatic,Ministero dell'Interno,4830560.0
12,Pubbliche Amministrazioni Centrali,3,Comuni,0aa3313a-41bc-4c0b-af2b-338483583525,ANNCSU - Aggiornamento coordinate,Agenzia delle Entrate,5691799.0
12,Pubbliche Amministrazioni Centrali,3,Comuni,12d5ff12-7894-4c89-bbfc-033418fb1e38,C030-servizioAccertamentoIdUnicoNazionale-approvazione_autom,Ministero dell'Interno,3178546.0
12,Pubbliche Amministrazioni Centrali,3,Comuni,f978f8b9-de00-45ba-801b-1b4a60b547d9,C015-servizioAccertamentoGeneralita-approvazione_automatica,Ministero dell'Interno,722737.0
12,Pubbliche Amministrazioni Centrali,3,Comuni,c0e20947-7c1a-416e-9abf-0dfbfb3fec24,C002-servizioComunicazione-approvazione_automatica,Ministero dell'Interno,4094483.0
12,Pubbliche Amministrazioni Centrali,3,Comuni,5e023f06-e5d4-4f8a-b7b8-299b97d2abee,C021-servizioAccertamentoStatoFamiglia-approvazione_automati,Ministero dell'Interno,6052188.0
12,Pubbliche Amministrazioni Centrali,3,Comuni,57d95a2a-d740-43be-8083-b09077856e72,ANNCSU - Aggiornamento accessi,Agenzia delle Entrate,1039371.0
12,Pubbliche Amministrazioni Centrali,3,Comuni,a152b46b-f330-494d-9845-82c460bc9fcf,C020-servizioAccertamentoResidenza-approvazione_automatica,Ministero dell'Interno,14528835.0
12,Pubbliche Amministrazioni Centrali,3,Comuni,fd741918-cac1-4d5f-9437-15b520b4cce3,C019-servizioAccertamentoEsistenzaVita-approvazione_automati,Ministero dell'Interno,657429.0
12,Pubbliche Amministrazioni Centrali,3,Comuni,2d97cffc-27cb-4705-a21d-9e1084aec9e3,INAD CONSULTAZIONE DD,Agenzia per L'Italia Digitale,14263234.0
12,Pubbliche Amministrazioni Centrali,10,Università e AFAM,cd62989d-172c-455e-af9b-228839012642,FSL - Consultazione registro ambiti per comune,Ministero del Lavoro e delle Politiche Sociali,2168.0
12,Pubbliche Amministrazioni Centrali,10,Università e AFAM,463cf9fe-9d72-463e-922d-e200ba45fdae,ANIST - Accertamento Frequenze,Ministero dell'istruzione e del merito,30.0
12,Pubbliche Amministrazioni Centrali,10,Università e AFAM,12d5ff12-7894-4c89-bbfc-033418fb1e38,C030-servizioAccertamentoIdUnicoNazionale-approvazione_autom,Ministero dell'Interno,15160.0
12,Pubbliche Amministrazioni Centrali,10,Università e AFAM,0bb78282-87bc-486b-8ef0-27a11852c8fb,VPIVA1 - Verifica Partita Iva,Agenzia delle Entrate,87.0
12,Pubbliche Amministrazioni Centrali,10,Università e AFAM,78fd67d2-a23e-46f4-8ff0-734c04b54feb,ANIST - Accertamento Titoli,Ministero dell'istruzione e del merito,40.0
12,Pubbliche Amministrazioni Centrali,10,Università e AFAM,1015a5f3-0bfa-4da2-accb-a1dd2260a777,C008-servizioVerificaDichResidenza-approvazione_automatica,Ministero dell'Interno,247.0
12,Pubbliche Amministrazioni Centrali,10,Università e AFAM,06a2d800-1f5f-46d0-8602-d1ed7eabedf6,ANIS - Consultazione Iscrizioni [IFS02],MINISTERO DELL'UNIVERSITA' E DELLA RICERCA,53.0
12,Pubbliche Amministrazioni Centrali,10,Università e AFAM,c0db9916-d66a-4dc5-8ffc-c1e268e20cc4,VCF1 - Verifica Booleana Codice Fiscale ,Agenzia delle Entrate,1198.0
12,Pubbliche Amministrazioni Centrali,10,Università e AFAM,cddca182-b3f8-4599-89d4-b8a09375202f,ElabMassivaAccertIdUnicoNazionale,Ministero dell'Interno,299.0
12,Pubbliche Amministrazioni Centrali,10,Università e AFAM,b943e5ed-1cdc-4010-8bd7-da6ee221b923,ANIS - Consultazione Titoli [IFS03],MINISTERO DELL'UNIVERSITA' E DELLA RICERCA,999595.0
12,Pubbliche Amministrazioni Centrali,4,Enti Nazionali di Previdenza ed Assistenza Sociale,6ee0e5c9-1382-40fc-ad1b-2f185abec256,C019-servizioAccertamentoEsistenzaVita,Ministero dell'Interno,2865129.0
12,Pubbliche Amministrazioni Centrali,4,Enti Nazionali di Previdenza ed Assistenza Sociale,724b2695-6453-4095-ad75-9f81a5a3b190,C016-servizioAccertamentoDichDecesso,Ministero dell'Interno,8724.0
12,Pubbliche Amministrazioni Centrali,4,Enti Nazionali di Previdenza ed Assistenza Sociale,8fe27f7f-b559-4c51-90b6-a4d6eae4ae01,C020-servizioAccertamentoResidenza,Ministero dell'Interno,526249.0
12,Pubbliche Amministrazioni Centrali,4,Enti Nazionali di Previdenza ed Assistenza Sociale,8177f7f9-9c7b-4c2e-a810-65880ff8b66b,C017-servizioAccertamentoMatrimonio,Ministero dell'Interno,79855.0
12,Pubbliche Amministrazioni Centrali,4,Enti Nazionali di Previdenza ed Assistenza Sociale,e7d5bac0-7b04-40ae-a7ae-aa094dcc8572,Invio Comunicazioni Obbligatorie - Unilav,Ministero del Lavoro e delle Politiche Sociali,29495.0
12,Pubbliche Amministrazioni Centrali,4,Enti Nazionali di Previdenza ed Assistenza Sociale,bfc9fb06-8886-45a4-9ce9-bc93264958ce,C015-servizioAccertamentoGeneralita,Ministero dell'Interno,29604.0
12,Pubbliche Amministrazioni Centrali,4,Enti Nazionali di Previdenza ed Assistenza Sociale,06a2d800-1f5f-46d0-8602-d1ed7eabedf6,ANIS - Consultazione Iscrizioni [IFS02],MINISTERO DELL'UNIVERSITA' E DELLA RICERCA,5986.0
12,Pubbliche Amministrazioni Centrali,4,Enti Nazionali di Previdenza ed Assistenza Sociale,3ec6f973-36ab-4816-8e96-22ffb512648c,C021-servizioAccertamentoStatoFamiglia,Ministero dell'Interno,48407.0
12,Pubbliche Amministrazioni Centrali,4,Enti Nazionali di Previdenza ed Assistenza Sociale,f2f3fad0-c3d7-4e97-8a29-492b603926dd,C030-servizioAccertamentoIdUnicoNazionale,Ministero dell'Interno,4026224.0
12,Pubbliche Amministrazioni Centrali,4,Enti Nazionali di Previdenza ed Assistenza Sociale,2d97cffc-27cb-4705-a21d-9e1084aec9e3,INAD CONSULTAZIONE DD,Agenzia per L'Italia Digitale,195388.0
12,Pubbliche Amministrazioni Centrali,6,Altre Pubbliche Amministrazioni Centrali,2d31e9ac-e3f1-4e83-85a2-fe160272e521,ITS - Movimentazioni,Ministero dell'istruzione e del merito,10.0
12,Pubbliche Amministrazioni Centrali,6,Altre Pubbliche Amministrazioni Centrali,8fe27f7f-b559-4c51-90b6-a4d6eae4ae01,C020-servizioAccertamentoResidenza,Ministero dell'Interno,4246.0
12,Pubbliche Amministrazioni Centrali,6,Altre Pubbliche Amministrazioni Centrali,12d5ff12-7894-4c89-bbfc-033418fb1e38,C030-servizioAccertamentoIdUnicoNazionale-approvazione_autom,Ministero dell'Interno,42302.0
12,Pubbliche Amministrazioni Centrali,6,Altre Pubbliche Amministrazioni Centrali,1015a5f3-0bfa-4da2-accb-a1dd2260a777,C008-servizioVerificaDichResidenza-approvazione_automatica,Ministero dell'Interno,92.0
12,Pubbliche Amministrazioni Centrali,6,Altre Pubbliche Amministrazioni Centrali,cddca182-b3f8-4599-89d4-b8a09375202f,ElabMassivaAccertIdUnicoNazionale,Ministero dell'Interno,232850.0
12,Pubbliche Amministrazioni Centrali,6,Altre Pubbliche Amministrazioni Centrali,ea3e08b5-47d2-47e4-bcd8-9fe7a988a3c9,C003-servizioVerificaDichGeneralita-approvazione_automatica,Ministero dell'Interno,350978.0
12,Pubbliche Amministrazioni Centrali,6,Altre Pubbliche Amministrazioni Centrali,52362c8e-eccf-490c-935b-dcb56ec66c01,C007–ServizioVerificaDichEsistenzaVita-approvazione_automati,Ministero dell'Interno,19.0
12,Pubbliche Amministrazioni Centrali,6,Altre Pubbliche Amministrazioni Centrali,87fa140e-24ec-4bfa-92b1-4b7cd5997996,AUSA - Anagrafe Unica delle Stazioni Appaltanti,Autorita' Nazionale Anticorruzione - A.N.AC.,2.0
12,Pubbliche Amministrazioni Centrali,6,Altre Pubbliche Amministrazioni Centrali,936f081c-141e-4601-a9aa-4a6b5437bbfe,ANPR-Certificazione,Ministero dell'Interno,25925.0
12,Pubbliche Amministrazioni Centrali,6,Altre Pubbliche Amministrazioni Centrali,2d97cffc-27cb-4705-a21d-9e1084aec9e3,INAD CONSULTAZIONE DD,Agenzia per L'Italia Digitale,703.0
12,Pubbliche Amministrazioni Centrali,7,Regioni e Province Autonome,12d5ff12-7894-4c89-bbfc-033418fb1e38,C030-servizioAccertamentoIdUnicoNazionale-approvazione_autom,Ministero dell'Interno,243288.0
12,Pubbliche Amministrazioni Centrali,7,Regioni e Province Autonome,28a33c9f-7450-4f66-8776-4db37adab3a5,PCP - Servizi comuni,Autorita' Nazionale Anticorruzione - A.N.AC.,297220.0
12,Pubbliche Amministrazioni Centrali,7,Regioni e Province Autonome,e7d5bac0-7b04-40ae-a7ae-aa094dcc8572,Invio Comunicazioni Obbligatorie - Unilav,Ministero del Lavoro e delle Politiche Sociali,101595.0
12,Pubbliche Amministrazioni Centrali,7,Regioni e Province Autonome,84ff6795-2255-4784-95d8-c4eb4b89a6b5,PCP – Comunica appalto,Autorita' Nazionale Anticorruzione - A.N.AC.,144624.0
12,Pubbliche Amministrazioni Centrali,7,Regioni e Province Autonome,a152b46b-f330-494d-9845-82c460bc9fcf,C020-servizioAccertamentoResidenza-approvazione_automatica,Ministero dell'Interno,217835.0
12,Pubbliche Amministrazioni Centrali,7,Regioni e Province Autonome,f2f3fad0-c3d7-4e97-8a29-492b603926dd,C030-servizioAccertamentoIdUnicoNazionale,Ministero dell'Interno,68713.0
12,Pubbliche Amministrazioni Centrali,7,Regioni e Province Autonome,dfc8c208-813a-4da1-be6c-b20789f6cd93,PCP - Comunica post pubblicazione,Autorita' Nazionale Anticorruzione - A.N.AC.,80194.0
12,Pubbliche Amministrazioni Centrali,7,Regioni e Province Autonome,87fa140e-24ec-4bfa-92b1-4b7cd5997996,AUSA - Anagrafe Unica delle Stazioni Appaltanti,Autorita' Nazionale Anticorruzione - A.N.AC.,339179.0
12,Pubbliche Amministrazioni Centrali,7,Regioni e Province Autonome,592fa08b-3c3b-459a-af7e-ae0330f38eb3,PCP - FVC,Autorita' Nazionale Anticorruzione - A.N.AC.,350067.0
12,Pubbliche Amministrazioni Centrali,7,Regioni e Province Autonome,a158fc5c-b5cc-4d0f-a8a7-9c6481cbf8cd,Ricezione Comunicazioni Obbligatorie - Unilav,Ministero del Lavoro e delle Politiche Sociali,520205.0
12,Pubbliche Amministrazioni Centrali,2,Aziende sanitarie locali e Strutture di ricovero,724b2695-6453-4095-ad75-9f81a5a3b190,C016-servizioAccertamentoDichDecesso,Ministero dell'Interno,1348.0
12,Pubbliche Amministrazioni Centrali,2,Aziende sanitarie locali e Strutture di ricovero,ce093b84-bcb2-4bdd-ae75-0fc1dcf56ce1,PCP - Pubblica avviso,Autorita' Nazionale Anticorruzione - A.N.AC.,2188.0
12,Pubbliche Amministrazioni Centrali,2,Aziende sanitarie locali e Strutture di ricovero,8fe27f7f-b559-4c51-90b6-a4d6eae4ae01,C020-servizioAccertamentoResidenza,Ministero dell'Interno,1845.0
12,Pubbliche Amministrazioni Centrali,2,Aziende sanitarie locali e Strutture di ricovero,12d5ff12-7894-4c89-bbfc-033418fb1e38,C030-servizioAccertamentoIdUnicoNazionale-approvazione_autom,Ministero dell'Interno,3684.0
12,Pubbliche Amministrazioni Centrali,2,Aziende sanitarie locali e Strutture di ricovero,28a33c9f-7450-4f66-8776-4db37adab3a5,PCP - Servizi comuni,Autorita' Nazionale Anticorruzione - A.N.AC.,20891.0
12,Pubbliche Amministrazioni Centrali,2,Aziende sanitarie locali e Strutture di ricovero,84ff6795-2255-4784-95d8-c4eb4b89a6b5,PCP – Comunica appalto,Autorita' Nazionale Anticorruzione - A.N.AC.,18459.0
12,Pubbliche Amministrazioni Centrali,2,Aziende sanitarie locali e Strutture di ricovero,dfc8c208-813a-4da1-be6c-b20789f6cd93,PCP - Comunica post pubblicazione,Autorita' Nazionale Anticorruzione - A.N.AC.,23612.0
12,Pubbliche Amministrazioni Centrali,2,Aziende sanitarie locali e Strutture di ricovero,87fa140e-24ec-4bfa-92b1-4b7cd5997996,AUSA - Anagrafe Unica delle Stazioni Appaltanti,Autorita' Nazionale Anticorruzione - A.N.AC.,136844.0
12,Pubbliche Amministrazioni Centrali,2,Aziende sanitarie locali e Strutture di ricovero,592fa08b-3c3b-459a-af7e-ae0330f38eb3,PCP - FVC,Autorita' Nazionale Anticorruzione - A.N.AC.,24616.0
12,Pubbliche Amministrazioni Centrali,2,Aziende sanitarie locali e Strutture di ricovero,2d97cffc-27cb-4705-a21d-9e1084aec9e3,INAD CONSULTAZIONE DD,Agenzia per L'Italia Digitale,1290.0
12,Pubbliche Amministrazioni Centrali,1,Altre Pubbliche Amministrazioni locali,ce093b84-bcb2-4bdd-ae75-0fc1dcf56ce1,PCP - Pubblica avviso,Autorita' Nazionale Anticorruzione - A.N.AC.,407973.0
12,Pubbliche Amministrazioni Centrali,1,Altre Pubbliche Amministrazioni locali,12d5ff12-7894-4c89-bbfc-033418fb1e38,C030-servizioAccertamentoIdUnicoNazionale-approvazione_autom,Ministero dell'Interno,311289.0
12,Pubbliche Amministrazioni Centrali,1,Altre Pubbliche Amministrazioni locali,28a33c9f-7450-4f66-8776-4db37adab3a5,PCP - Servizi comuni,Autorita' Nazionale Anticorruzione - A.N.AC.,645905.0
12,Pubbliche Amministrazioni Centrali,1,Altre Pubbliche Amministrazioni locali,e7d5bac0-7b04-40ae-a7ae-aa094dcc8572,Invio Comunicazioni Obbligatorie - Unilav,Ministero del Lavoro e delle Politiche Sociali,763791.0
12,Pubbliche Amministrazioni Centrali,1,Altre Pubbliche Amministrazioni locali,84ff6795-2255-4784-95d8-c4eb4b89a6b5,PCP – Comunica appalto,Autorita' Nazionale Anticorruzione - A.N.AC.,381849.0
12,Pubbliche Amministrazioni Centrali,1,Altre Pubbliche Amministrazioni locali,52362c8e-eccf-490c-935b-dcb56ec66c01,C007–ServizioVerificaDichEsistenzaVita-approvazione_automati,Ministero dell'Interno,139109.0
12,Pubbliche Amministrazioni Centrali,1,Altre Pubbliche Amministrazioni locali,87fa140e-24ec-4bfa-92b1-4b7cd5997996,AUSA - Anagrafe Unica delle Stazioni Appaltanti,Autorita' Nazionale Anticorruzione - A.N.AC.,835357.0
12,Pubbliche Amministrazioni Centrali,1,Altre Pubbliche Amministrazioni locali,87d6b335-cf2f-4942-9ff5-bd66b34b28f1,Invio Comunicazioni Obbligatorie - UniSomm,Ministero del Lavoro e delle Politiche Sociali,584645.0
12,Pubbliche Amministrazioni Centrali,1,Altre Pubbliche Amministrazioni locali,592fa08b-3c3b-459a-af7e-ae0330f38eb3,PCP - FVC,Autorita' Nazionale Anticorruzione - A.N.AC.,233043.0
12,Pubbliche Amministrazioni Centrali,1,Altre Pubbliche Amministrazioni locali,2d97cffc-27cb-4705-a21d-9e1084aec9e3,INAD CONSULTAZIONE DD,Agenzia per L'Italia Digitale,1413398.0
12,Pubbliche Amministrazioni Centrali,5,Province e Città Metropolitane,ce093b84-bcb2-4bdd-ae75-0fc1dcf56ce1,PCP - Pubblica avviso,Autorita' Nazionale Anticorruzione - A.N.AC.,1116.0
12,Pubbliche Amministrazioni Centrali,5,Province e Città Metropolitane,8fe27f7f-b559-4c51-90b6-a4d6eae4ae01,C020-servizioAccertamentoResidenza,Ministero dell'Interno,58658.0
12,Pubbliche Amministrazioni Centrali,5,Province e Città Metropolitane,12d5ff12-7894-4c89-bbfc-033418fb1e38,C030-servizioAccertamentoIdUnicoNazionale-approvazione_autom,Ministero dell'Interno,41374.0
12,Pubbliche Amministrazioni Centrali,5,Province e Città Metropolitane,28a33c9f-7450-4f66-8776-4db37adab3a5,PCP - Servizi comuni,Autorita' Nazionale Anticorruzione - A.N.AC.,2635.0
12,Pubbliche Amministrazioni Centrali,5,Province e Città Metropolitane,84ff6795-2255-4784-95d8-c4eb4b89a6b5,PCP – Comunica appalto,Autorita' Nazionale Anticorruzione - A.N.AC.,2176.0
12,Pubbliche Amministrazioni Centrali,5,Province e Città Metropolitane,dfc8c208-813a-4da1-be6c-b20789f6cd93,PCP - Comunica post pubblicazione,Autorita' Nazionale Anticorruzione - A.N.AC.,745.0
12,Pubbliche Amministrazioni Centrali,5,Province e Città Metropolitane,52362c8e-eccf-490c-935b-dcb56ec66c01,C007–ServizioVerificaDichEsistenzaVita-approvazione_automati,Ministero dell'Interno,1843.0
12,Pubbliche Amministrazioni Centrali,5,Province e Città Metropolitane,87fa140e-24ec-4bfa-92b1-4b7cd5997996,AUSA - Anagrafe Unica delle Stazioni Appaltanti,Autorita' Nazionale Anticorruzione - A.N.AC.,39283.0
12,Pubbliche Amministrazioni Centrali,5,Province e Città Metropolitane,592fa08b-3c3b-459a-af7e-ae0330f38eb3,PCP - FVC,Autorita' Nazionale Anticorruzione - A.N.AC.,6667.0
12,Pubbliche Amministrazioni Centrali,5,Province e Città Metropolitane,2d97cffc-27cb-4705-a21d-9e1084aec9e3,INAD CONSULTAZIONE DD,Agenzia per L'Italia Digitale,210959.0
12,Pubbliche Amministrazioni Centrali,9,Stazioni Appaltanti e Gestori di pubblici servizi,ce093b84-bcb2-4bdd-ae75-0fc1dcf56ce1,PCP - Pubblica avviso,Autorita' Nazionale Anticorruzione - A.N.AC.,1946620.0
12,Pubbliche Amministrazioni Centrali,9,Stazioni Appaltanti e Gestori di pubblici servizi,e77ceead-0967-44f1-958d-367d7b7fcaaa,DGMOT-AppIO-La mia Patente,Ministero delle infrastrutture e dei trasporti,5496359.0
12,Pubbliche Amministrazioni Centrali,9,Stazioni Appaltanti e Gestori di pubblici servizi,bae24663-719a-45f2-8e14-f9cdc48f4a1b,DGMOT-ITWALLET-Richiesta Patente con Emissione Asincrona,Ministero delle infrastrutture e dei trasporti,14095373.0
12,Pubbliche Amministrazioni Centrali,9,Stazioni Appaltanti e Gestori di pubblici servizi,579dcb3b-cc97-43dc-8080-64855408dd26,C001–servizioNotifica,Ministero dell'Interno,1716287.0
12,Pubbliche Amministrazioni Centrali,9,Stazioni Appaltanti e Gestori di pubblici servizi,28a33c9f-7450-4f66-8776-4db37adab3a5,PCP - Servizi comuni,Autorita' Nazionale Anticorruzione - A.N.AC.,4649151.0
12,Pubbliche Amministrazioni Centrali,9,Stazioni Appaltanti e Gestori di pubblici servizi,b5db89e0-1752-497c-983d-5ada7b20a12e,DGMOT-ITWALLET-Richiesta Patente con Emissione Sincrona,Ministero delle infrastrutture e dei trasporti,4091350.0
12,Pubbliche Amministrazioni Centrali,9,Stazioni Appaltanti e Gestori di pubblici servizi,84ff6795-2255-4784-95d8-c4eb4b89a6b5,PCP – Comunica appalto,Autorita' Nazionale Anticorruzione - A.N.AC.,4876113.0
12,Pubbliche Amministrazioni Centrali,9,Stazioni Appaltanti e Gestori di pubblici servizi,dfc8c208-813a-4da1-be6c-b20789f6cd93,PCP - Comunica post pubblicazione,Autorita' Nazionale Anticorruzione - A.N.AC.,1654219.0
12,Pubbliche Amministrazioni Centrali,9,Stazioni Appaltanti e Gestori di pubblici servizi,87fa140e-24ec-4bfa-92b1-4b7cd5997996,AUSA - Anagrafe Unica delle Stazioni Appaltanti,Autorita' Nazionale Anticorruzione - A.N.AC.,3948657.0
12,Pubbliche Amministrazioni Centrali,9,Stazioni Appaltanti e Gestori di pubblici servizi,592fa08b-3c3b-459a-af7e-ae0330f38eb3,PCP - FVC,Autorita' Nazionale Anticorruzione - A.N.AC.,3657642.0
12,Pubbliche Amministrazioni Centrali,11,Enti privati,ce093b84-bcb2-4bdd-ae75-0fc1dcf56ce1,PCP - Pubblica avviso,Autorita' Nazionale Anticorruzione - A.N.AC.,1475690.0
12,Pubbliche Amministrazioni Centrali,11,Enti privati,28a33c9f-7450-4f66-8776-4db37adab3a5,PCP - Servizi comuni,Autorita' Nazionale Anticorruzione - A.N.AC.,3720714.0
12,Pubbliche Amministrazioni Centrali,11,Enti privati,84ff6795-2255-4784-95d8-c4eb4b89a6b5,PCP – Comunica appalto,Autorita' Nazionale Anticorruzione - A.N.AC.,3226546.0
12,Pubbliche Amministrazioni Centrali,11,Enti privati,a5549d0a-0580-490c-9441-525f90a2259f,PCP - FVA,Autorita' Nazionale Anticorruzione - A.N.AC.,1875725.0
12,Pubbliche Amministrazioni Centrali,11,Enti privati,673e99b9-f7cc-4e1c-b319-677340d53956,APICIG,Autorita' Nazionale Anticorruzione - A.N.AC.,69399.0
12,Pubbliche Amministrazioni Centrali,11,Enti privati,fd741918-cac1-4d5f-9437-15b520b4cce3,C019-servizioAccertamentoEsistenzaVita-approvazione_automati,Ministero dell'Interno,11420855.0
12,Pubbliche Amministrazioni Centrali,11,Enti privati,c0e26d8d-ac9c-4fb4-b960-edc335db4338,PCP - Gestione utenti,Autorita' Nazionale Anticorruzione - A.N.AC.,422184.0
12,Pubbliche Amministrazioni Centrali,11,Enti privati,dfc8c208-813a-4da1-be6c-b20789f6cd93,PCP - Comunica post pubblicazione,Autorita' Nazionale Anticorruzione - A.N.AC.,1935528.0
12,Pubbliche Amministrazioni Centrali,11,Enti privati,87fa140e-24ec-4bfa-92b1-4b7cd5997996,AUSA - Anagrafe Unica delle Stazioni Appaltanti,Autorita' Nazionale Anticorruzione - A.N.AC.,921881.0
12,Pubbliche Amministrazioni Centrali,11,Enti privati,592fa08b-3c3b-459a-af7e-ae0330f38eb3,PCP - FVC,Autorita' Nazionale Anticorruzione - A.N.AC.,2135203.0
12,Pubbliche Amministrazioni Centrali,8,Scuole,463cf9fe-9d72-463e-922d-e200ba45fdae,ANIST - Accertamento Frequenze,Ministero dell'istruzione e del merito,3.0
12,Pubbliche Amministrazioni Centrali,8,Scuole,78fd67d2-a23e-46f4-8ff0-734c04b54feb,ANIST - Accertamento Titoli,Ministero dell'istruzione e del merito,8.0
12,Pubbliche Amministrazioni Centrali,8,Scuole,1015a5f3-0bfa-4da2-accb-a1dd2260a777,C008-servizioVerificaDichResidenza-approvazione_automatica,Ministero dell'Interno,14.0
12,Pubbliche Amministrazioni Centrali,8,Scuole,b943e5ed-1cdc-4010-8bd7-da6ee221b923,ANIS - Consultazione Titoli [IFS03],MINISTERO DELL'UNIVERSITA' E DELLA RICERCA,43.0
12,Pubbliche Amministrazioni Centrali,8,Scuole,2d97cffc-27cb-4705-a21d-9e1084aec9e3,INAD CONSULTAZIONE DD,Agenzia per L'Italia Digitale,2.0
12,Pubbliche Amministrazioni Centrali,0,Totale,bae24663-719a-45f2-8e14-f9cdc48f4a1b,DGMOT-ITWALLET-Richiesta Patente con Emissione Asincrona,Ministero delle infrastrutture e dei trasporti,14095376.0
12,Pubbliche Amministrazioni Centrali,0,Totale,28a33c9f-7450-4f66-8776-4db37adab3a5,PCP - Servizi comuni,Autorita' Nazionale Anticorruzione - A.N.AC.,9352366.0
12,Pubbliche Amministrazioni Centrali,0,Totale,84ff6795-2255-4784-95d8-c4eb4b89a6b5,PCP – Comunica appalto,Autorita' Nazionale Anticorruzione - A.N.AC.,8657252.0
12,Pubbliche Amministrazioni Centrali,0,Totale,a152b46b-f330-494d-9845-82c460bc9fcf,C020-servizioAccertamentoResidenza-approvazione_automatica,Ministero dell'Interno,14921734.0
12,Pubbliche Amministrazioni Centrali,0,Totale,fd741918-cac1-4d5f-9437-15b520b4cce3,C019-servizioAccertamentoEsistenzaVita-approvazione_automati,Ministero dell'Interno,12078549.0
12,Pubbliche Amministrazioni Centrali,0,Totale,c3718b5a-510c-4f8b-9195-4ca58478e733,ANS - IFS02 - Academic enrollments,MINISTERO DELL'UNIVERSITA' E DELLA RICERCA,7469019.0
12,Pubbliche Amministrazioni Centrali,0,Totale,69abfe02-3e83-4b10-82ae-8af6b9aedc7c,ANS - IFS03 - Academic qualification degrees,MINISTERO DELL'UNIVERSITA' E DELLA RICERCA,9109339.0
12,Pubbliche Amministrazioni Centrali,0,Totale,87fa140e-24ec-4bfa-92b1-4b7cd5997996,AUSA - Anagrafe Unica delle Stazioni Appaltanti,Autorita' Nazionale Anticorruzione - A.N.AC.,6222663.0
12,Pubbliche Amministrazioni Centrali,0,Totale,592fa08b-3c3b-459a-af7e-ae0330f38eb3,PCP - FVC,Autorita' Nazionale Anticorruzione - A.N.AC.,6412891.0
12,Pubbliche Amministrazioni Centrali,0,Totale,2d97cffc-27cb-4705-a21d-9e1084aec9e3,INAD CONSULTAZIONE DD,Agenzia per L'Italia Digitale,16591398.0
